nohup: ignoring input

> cluster@0.0.0 storybook
> PUBLIC_CHROMATIC=true storybook dev -p 6001 public

storybook v9.0.15

You are currently using Storybook 9.0.15 but you have packages which are incompatible with it:

- @storybook/addon-svelte-csf@5.0.5 which depends on ^0.1.13

Please consider updating your packages or contacting the maintainers for compatibility details.

For more on Storybook 9 compatibility, see the linked GitHub issue:
https://github.com/storybookjs/storybook/issues/30944
Looks like multiple favicons were detected. Using the first one.

/home/paul/web-sdk/apps/cluster/static/favicon.svg, /home/paul/web-sdk/apps/cluster/static/favicon.ico
info => Serving static files from ././static at /
info => Starting manager..
Looks like multiple favicons were detected. Using the first one.

/home/paul/web-sdk/apps/cluster/static/favicon.svg, /home/paul/web-sdk/apps/cluster/static/favicon.ico
No story files found for the specified pattern: src/**/*.mdx
CSF Parsing error: Expected 'ObjectExpression' but found 'undefined' instead in 'Identifier'.
info => Starting preview..
The following Vite config options will be overridden by SvelteKit:
  - base
╭─────────────────────────────────────────────────────────────────────╮
│                                                                     │
│   [38;2;162;224;94mStorybook 9.0.15 for sveltekit started[39m                            │
│   301 ms for manager and 713 ms for preview                         │
│                                                                     │
│   Local:            http://localhost:6001/                          │
│   On your network:  http://172.26.181.186:6001/                     │
│                                                                     │
│   [38;2;243;173;56mA new version (9.1.4) is available![39m                               │
│                                                                     │
│   Upgrade now: [38;2;162;224;94mnpx storybook@latest upgrade[39m                         │
│                                                                     │
│   Read full changelog:                                              │
│   https://github.com/storybookjs/storybook/blob/main/CHANGELOG.md   │
│                                                                     │
╰─────────────────────────────────────────────────────────────────────╯
CSF Parsing error: Expected 'ObjectExpression' but found 'undefined' instead in 'Identifier'.
CSF Parsing error: Expected 'ObjectExpression' but found 'undefined' instead in 'Identifier'.
CSF Parsing error: Expected 'ObjectExpression' but found 'undefined' instead in 'Identifier'.
8:02:52 PM [vite-plugin-svelte] src/components/Game.svelte:127:1 Unused CSS selector "button"
https://svelte.dev/e/css_unused_selector
8:02:53 PM [vite-plugin-svelte] src/components/ui/ControlPanel.svelte:144:6 Visible, non-interactive elements with a click event must be accompanied by a keyboard event handler. Consider whether an interactive element such as `<button type="button">` or `<a>` might be more appropriate
https://svelte.dev/e/a11y_click_events_have_key_events
8:02:53 PM [vite-plugin-svelte] src/components/ui/ControlPanel.svelte:144:6 `<div>` with a click handler must have an ARIA role
https://svelte.dev/e/a11y_no_static_element_interactions
8:02:53 PM [vite-plugin-svelte] src/components/ui/ControlPanel.svelte:151:8 Visible, non-interactive elements with a click event must be accompanied by a keyboard event handler. Consider whether an interactive element such as `<button type="button">` or `<a>` might be more appropriate
https://svelte.dev/e/a11y_click_events_have_key_events
8:02:53 PM [vite-plugin-svelte] src/components/ui/ControlPanel.svelte:151:8 `<div>` with a click handler must have an ARIA role
https://svelte.dev/e/a11y_no_static_element_interactions
8:02:53 PM [vite-plugin-svelte] src/components/ui/ControlPanel.svelte:168:6 Visible, non-interactive elements with a click event must be accompanied by a keyboard event handler. Consider whether an interactive element such as `<button type="button">` or `<a>` might be more appropriate
https://svelte.dev/e/a11y_click_events_have_key_events
8:02:53 PM [vite-plugin-svelte] src/components/ui/ControlPanel.svelte:168:6 `<div>` with a click handler must have an ARIA role
https://svelte.dev/e/a11y_no_static_element_interactions
8:02:53 PM [vite-plugin-svelte] src/components/ui/ControlPanel.svelte:202:6 Visible, non-interactive elements with a click event must be accompanied by a keyboard event handler. Consider whether an interactive element such as `<button type="button">` or `<a>` might be more appropriate
https://svelte.dev/e/a11y_click_events_have_key_events
8:02:53 PM [vite-plugin-svelte] src/components/ui/ControlPanel.svelte:202:6 `<div>` with a click handler must have an ARIA role
https://svelte.dev/e/a11y_no_static_element_interactions
8:02:54 PM [vite-plugin-svelte] src/components/WinCoins.svelte:38:5 This reference only captures the initial value of `extraConfig`. Did you mean to reference it inside a closure instead?
https://svelte.dev/e/state_referenced_locally
8:02:54 PM [vite-plugin-svelte] src/components/FreeSpinAnimation.svelte:79:1 No scopable elements found in template. If you're using global styles in the style tag, you should move it into an external stylesheet file and import it in JS. See https://github.com/sveltejs/vite-plugin-svelte/blob/main/docs/faq.md#where-should-i-put-my-global-styles.
8:02:54 PM [vite-plugin-svelte] src/components/ui/InfoPanel.svelte:31:2 Visible, non-interactive elements with a click event must be accompanied by a keyboard event handler. Consider whether an interactive element such as `<button type="button">` or `<a>` might be more appropriate
https://svelte.dev/e/a11y_click_events_have_key_events
8:02:54 PM [vite-plugin-svelte] src/components/ui/InfoPanel.svelte:31:2 `<div>` with a click handler must have an ARIA role
https://svelte.dev/e/a11y_no_static_element_interactions
8:02:54 PM [vite-plugin-svelte] src/components/ui/DropdownPanel.svelte:27:2 Unused CSS selector "label"
https://svelte.dev/e/css_unused_selector
CSF Parsing error: Expected 'ObjectExpression' but found 'undefined' instead in 'Identifier'.
CSF Parsing error: Expected 'ObjectExpression' but found 'undefined' instead in 'Identifier'.
CSF Parsing error: Expected 'ObjectExpression' but found 'undefined' instead in 'Identifier'.
CSF Parsing error: Expected 'ObjectExpression' but found 'undefined' instead in 'Identifier'.
CSF Parsing error: Expected 'ObjectExpression' but found 'undefined' instead in 'Identifier'.
CSF Parsing error: Expected 'ObjectExpression' but found 'undefined' instead in 'Identifier'.
CSF Parsing error: Expected 'ObjectExpression' but found 'undefined' instead in 'Identifier'.
CSF Parsing error: Expected 'ObjectExpression' but found 'undefined' instead in 'Identifier'.
CSF Parsing error: Expected 'ObjectExpression' but found 'undefined' instead in 'Identifier'.
CSF Parsing error: Expected 'ObjectExpression' but found 'undefined' instead in 'Identifier'.
CSF Parsing error: Expected 'ObjectExpression' but found 'undefined' instead in 'Identifier'.
CSF Parsing error: Expected 'ObjectExpression' but found 'undefined' instead in 'Identifier'.
CSF Parsing error: Expected 'ObjectExpression' but found 'undefined' instead in 'Identifier'.
8:15:16 PM [vite] (client) hmr update /src/components/FreeSpinAnimation.svelte
8:15:16 PM [vite-plugin-svelte] src/components/FreeSpinAnimation.svelte:68:1 No scopable elements found in template. If you're using global styles in the style tag, you should move it into an external stylesheet file and import it in JS. See https://github.com/sveltejs/vite-plugin-svelte/blob/main/docs/faq.md#where-should-i-put-my-global-styles.
8:15:20 PM [vite-plugin-svelte] src/components/FreeSpinAnimation.svelte:68:1 No scopable elements found in template. If you're using global styles in the style tag, you should move it into an external stylesheet file and import it in JS. See https://github.com/sveltejs/vite-plugin-svelte/blob/main/docs/faq.md#where-should-i-put-my-global-styles.
8:15:47 PM [vite] (client) hmr update /src/components/FreeSpinIntro.svelte
8:15:47 PM [vite-plugin-svelte] src/components/FreeSpinAnimation.svelte:68:1 No scopable elements found in template. If you're using global styles in the style tag, you should move it into an external stylesheet file and import it in JS. See https://github.com/sveltejs/vite-plugin-svelte/blob/main/docs/faq.md#where-should-i-put-my-global-styles.
CSF Parsing error: Expected 'ObjectExpression' but found 'undefined' instead in 'Identifier'.
8:17:01 PM [vite] (client) hmr update /src/components/FreeSpinIntro.svelte
CSF Parsing error: Expected 'ObjectExpression' but found 'undefined' instead in 'Identifier'.
8:17:34 PM [vite] (client) hmr update /src/components/FreeSpinIntro.svelte
CSF Parsing error: Expected 'ObjectExpression' but found 'undefined' instead in 'Identifier'.
8:18:02 PM [vite] (client) hmr update /src/components/FreeSpinIntro.svelte
CSF Parsing error: Expected 'ObjectExpression' but found 'undefined' instead in 'Identifier'.
8:18:46 PM [vite] (client) hmr update /src/components/FreeSpinIntro.svelte
CSF Parsing error: Expected 'ObjectExpression' but found 'undefined' instead in 'Identifier'.
8:19:34 PM [vite] (client) hmr update /src/components/FreeSpinIntro.svelte
CSF Parsing error: Expected 'ObjectExpression' but found 'undefined' instead in 'Identifier'.
8:20:07 PM [vite] (client) hmr update /src/components/FreeSpinIntro.svelte
CSF Parsing error: Expected 'ObjectExpression' but found 'undefined' instead in 'Identifier'.
8:20:46 PM [vite] (client) hmr update /src/components/FreeSpinIntro.svelte
CSF Parsing error: Expected 'ObjectExpression' but found 'undefined' instead in 'Identifier'.
8:21:26 PM [vite] (client) hmr update /src/components/FreeSpinIntro.svelte
CSF Parsing error: Expected 'ObjectExpression' but found 'undefined' instead in 'Identifier'.
8:22:08 PM [vite] (client) hmr update /src/components/FreeSpinIntro.svelte
CSF Parsing error: Expected 'ObjectExpression' but found 'undefined' instead in 'Identifier'.
8:22:33 PM [vite] (client) hmr update /src/components/FreeSpinIntro.svelte
CSF Parsing error: Expected 'ObjectExpression' but found 'undefined' instead in 'Identifier'.
8:23:01 PM [vite] (client) hmr update /src/components/FreeSpinIntro.svelte
CSF Parsing error: Expected 'ObjectExpression' but found 'undefined' instead in 'Identifier'.
8:23:41 PM [vite] (client) hmr update /src/components/FreeSpinIntro.svelte
CSF Parsing error: Expected 'ObjectExpression' but found 'undefined' instead in 'Identifier'.
8:24:12 PM [vite] (client) hmr update /src/components/FreeSpinIntro.svelte
CSF Parsing error: Expected 'ObjectExpression' but found 'undefined' instead in 'Identifier'.
8:24:47 PM [vite] (client) hmr update /src/components/FreeSpinIntro.svelte
CSF Parsing error: Expected 'ObjectExpression' but found 'undefined' instead in 'Identifier'.
8:25:59 PM [vite] (client) hmr update /src/components/HeistContinueScreen.svelte
CSF Parsing error: Expected 'ObjectExpression' but found 'undefined' instead in 'Identifier'.
8:26:23 PM [vite] (client) hmr update /src/components/HeistContinueScreen.svelte
8:26:38 PM [vite] (client) hmr update /src/components/BoomExplosion.svelte
CSF Parsing error: Expected 'ObjectExpression' but found 'undefined' instead in 'Identifier'.
CSF Parsing error: Expected 'ObjectExpression' but found 'undefined' instead in 'Identifier'.
8:27:16 PM [vite] (client) hmr update /src/components/Game.svelte, /src/components/TumbleBoard.svelte, /src/components/EnableGameActor.svelte, /src/components/ReelSymbol.svelte, /src/components/TumbleSymbol.svelte, /src/components/Symbol.svelte, /src/components/SymbolSpine.svelte, /src/components/SymbolSprite.svelte, /src/components/SymbolSpineMain.svelte, /@id/__x00__virtual:/@storybook/builder-vite/vite-app.js
8:27:33 PM [vite] (client) hmr update /src/components/Game.svelte, /src/components/TumbleBoard.svelte, /src/components/EnableGameActor.svelte, /src/components/ReelSymbol.svelte, /src/components/TumbleSymbol.svelte, /src/components/Symbol.svelte, /src/components/SymbolSpine.svelte, /src/components/SymbolSprite.svelte, /src/components/SymbolSpineMain.svelte, /@id/__x00__virtual:/@storybook/builder-vite/vite-app.js
8:28:16 PM [vite] (client) hmr update /src/components/Game.svelte, /src/components/TumbleBoard.svelte, /src/components/EnableGameActor.svelte, /src/components/ReelSymbol.svelte, /src/components/TumbleSymbol.svelte, /src/components/Symbol.svelte, /src/components/SymbolSpine.svelte, /src/components/SymbolSprite.svelte, /src/components/SymbolSpineMain.svelte, /@id/__x00__virtual:/@storybook/builder-vite/vite-app.js
8:28:20 PM [vite] (client) hmr update /src/components/Game.svelte, /src/components/TumbleBoard.svelte, /src/components/EnableGameActor.svelte, /src/components/ReelSymbol.svelte, /src/components/TumbleSymbol.svelte, /src/components/Symbol.svelte, /src/components/SymbolSpine.svelte, /src/components/SymbolSprite.svelte, /src/components/SymbolSpineMain.svelte, /@id/__x00__virtual:/@storybook/builder-vite/vite-app.js
CSF Parsing error: Expected 'ObjectExpression' but found 'undefined' instead in 'Identifier'.
8:29:19 PM [vite] (client) hmr update /src/components/GlobalMultiplier.svelte
CSF Parsing error: Expected 'ObjectExpression' but found 'undefined' instead in 'Identifier'.
8:30:15 PM [vite] (client) hmr update /src/components/Background.svelte
CSF Parsing error: Expected 'ObjectExpression' but found 'undefined' instead in 'Identifier'.
8:30:42 PM [vite] (client) hmr update /src/components/Background.svelte
CSF Parsing error: Expected 'ObjectExpression' but found 'undefined' instead in 'Identifier'.
8:31:58 PM [vite] (client) hmr update /src/components/Background.svelte
8:32:02 PM [vite] (client) hmr update /src/components/Background.svelte
CSF Parsing error: Expected 'ObjectExpression' but found 'undefined' instead in 'Identifier'.
8:34:27 PM [vite] (client) hmr update /src/components/Background.svelte
8:34:32 PM [vite] (client) hmr update /src/components/Background.svelte
8:34:41 PM [vite] (client) hmr update /src/components/Background.svelte
CSF Parsing error: Expected 'ObjectExpression' but found 'undefined' instead in 'Identifier'.
CSF Parsing error: Expected 'ObjectExpression' but found 'undefined' instead in 'Identifier'.
8:35:09 PM [vite] (client) hmr update /src/components/Background.svelte
8:35:15 PM [vite] (client) hmr update /src/components/Background.svelte
CSF Parsing error: Expected 'ObjectExpression' but found 'undefined' instead in 'Identifier'.
8:36:02 PM [vite] (client) hmr update /src/components/Background.svelte
CSF Parsing error: Expected 'ObjectExpression' but found 'undefined' instead in 'Identifier'.
8:36:40 PM [vite] (client) hmr update /src/components/Background.svelte
8:36:50 PM [vite] (client) hmr update /src/components/Background.svelte
CSF Parsing error: Expected 'ObjectExpression' but found 'undefined' instead in 'Identifier'.
8:37:16 PM [vite] (client) hmr update /src/components/Background.svelte
CSF Parsing error: Expected 'ObjectExpression' but found 'undefined' instead in 'Identifier'.
8:37:47 PM [vite] (client) hmr update /src/components/Background.svelte
8:37:53 PM [vite] (client) hmr update /src/components/Game.svelte, /@id/__x00__virtual:/@storybook/builder-vite/vite-app.js, /src/components/EnableSound.svelte, /src/components/EnableGameActor.svelte, /src/components/ResumeBet.svelte, /src/components/Sound.svelte, /src/components/Background.svelte, /src/components/LoadingScreen.svelte, /src/components/BoardFrame.svelte, /src/components/MultiplierGrid.svelte, /src/components/Board.svelte, /src/components/Anticipations.svelte, /src/components/ClusterWinAmounts.svelte, /src/components/TumbleBoard.svelte, /src/components/TumbleWinAmount.svelte, /src/components/GlobalMultiplier.svelte, /src/components/Win.svelte, /src/components/FreeSpinIntro.svelte, /src/components/HeistContinueScreen.svelte, /src/components/BoomExplosion.svelte, /src/components/FreeSpinCounter.svelte, /src/components/FreeSpinOutro.svelte, /src/components/Transition.svelte, /src/components/I18nTest.svelte, /src/components/ui/ControlPanel.svelte, /src/components/PressToContinue.svelte, /src/components/BoardContainer.svelte, /src/components/BoardMask.svelte, /src/components/BoardBase.svelte, /src/components/Anticipation.svelte, /src/components/ClusterWinAmount.svelte, /src/components/TumbleBoardBase.svelte, /src/components/TumbleWinAmountWrap.svelte, /src/components/WinCoins.svelte, /src/components/WinAnimation.svelte, /src/components/FreeSpinAnimation.svelte, /src/components/Symbol.svelte
8:37:56 PM [vite] (client) hmr update /src/components/Game.svelte, /@id/__x00__virtual:/@storybook/builder-vite/vite-app.js, /src/components/EnableSound.svelte, /src/components/EnableGameActor.svelte, /src/components/ResumeBet.svelte, /src/components/Sound.svelte, /src/components/Background.svelte, /src/components/LoadingScreen.svelte, /src/components/BoardFrame.svelte, /src/components/MultiplierGrid.svelte, /src/components/Board.svelte, /src/components/Anticipations.svelte, /src/components/ClusterWinAmounts.svelte, /src/components/TumbleBoard.svelte, /src/components/TumbleWinAmount.svelte, /src/components/GlobalMultiplier.svelte, /src/components/Win.svelte, /src/components/FreeSpinIntro.svelte, /src/components/HeistContinueScreen.svelte, /src/components/BoomExplosion.svelte, /src/components/FreeSpinCounter.svelte, /src/components/FreeSpinOutro.svelte, /src/components/Transition.svelte, /src/components/I18nTest.svelte, /src/components/ui/ControlPanel.svelte, /src/components/PressToContinue.svelte, /src/components/BoardContainer.svelte, /src/components/BoardMask.svelte, /src/components/BoardBase.svelte, /src/components/Anticipation.svelte, /src/components/ClusterWinAmount.svelte, /src/components/TumbleBoardBase.svelte, /src/components/TumbleWinAmountWrap.svelte, /src/components/WinCoins.svelte, /src/components/WinAnimation.svelte, /src/components/FreeSpinAnimation.svelte, /src/components/Symbol.svelte
8:38:08 PM [vite] (client) hmr update /src/components/Background.svelte
CSF Parsing error: Expected 'ObjectExpression' but found 'undefined' instead in 'Identifier'.
8:38:55 PM [vite] (client) hmr update /src/components/Background.svelte
CSF Parsing error: Expected 'ObjectExpression' but found 'undefined' instead in 'Identifier'.
8:39:42 PM [vite] (client) hmr update /src/components/Background.svelte
8:40:04 PM [vite] (client) hmr update /src/components/Background.svelte
CSF Parsing error: Expected 'ObjectExpression' but found 'undefined' instead in 'Identifier'.
CSF Parsing error: Expected 'ObjectExpression' but found 'undefined' instead in 'Identifier'.
8:41:43 PM [vite] (client) hmr update /src/components/Background.svelte
8:41:50 PM [vite] (client) hmr update /src/components/Game.svelte, /@id/__x00__virtual:/@storybook/builder-vite/vite-app.js, /src/components/EnableSound.svelte, /src/components/EnableGameActor.svelte, /src/components/ResumeBet.svelte, /src/components/Sound.svelte, /src/components/Background.svelte, /src/components/LoadingScreen.svelte, /src/components/BoardFrame.svelte, /src/components/MultiplierGrid.svelte, /src/components/Board.svelte, /src/components/Anticipations.svelte, /src/components/ClusterWinAmounts.svelte, /src/components/TumbleBoard.svelte, /src/components/TumbleWinAmount.svelte, /src/components/GlobalMultiplier.svelte, /src/components/Win.svelte, /src/components/FreeSpinIntro.svelte, /src/components/HeistContinueScreen.svelte, /src/components/BoomExplosion.svelte, /src/components/FreeSpinCounter.svelte, /src/components/FreeSpinOutro.svelte, /src/components/Transition.svelte, /src/components/I18nTest.svelte, /src/components/ui/ControlPanel.svelte, /src/components/PressToContinue.svelte, /src/components/BoardContainer.svelte, /src/components/BoardMask.svelte, /src/components/BoardBase.svelte, /src/components/Anticipation.svelte, /src/components/ClusterWinAmount.svelte, /src/components/TumbleBoardBase.svelte, /src/components/TumbleWinAmountWrap.svelte, /src/components/WinCoins.svelte, /src/components/WinAnimation.svelte, /src/components/FreeSpinAnimation.svelte, /src/components/Symbol.svelte
8:41:53 PM [vite] (client) hmr update /src/components/Background.svelte
8:41:55 PM [vite] (client) hmr update /src/components/Game.svelte, /@id/__x00__virtual:/@storybook/builder-vite/vite-app.js, /src/components/EnableSound.svelte, /src/components/EnableGameActor.svelte, /src/components/ResumeBet.svelte, /src/components/Sound.svelte, /src/components/Background.svelte, /src/components/LoadingScreen.svelte, /src/components/BoardFrame.svelte, /src/components/MultiplierGrid.svelte, /src/components/Board.svelte, /src/components/Anticipations.svelte, /src/components/ClusterWinAmounts.svelte, /src/components/TumbleBoard.svelte, /src/components/TumbleWinAmount.svelte, /src/components/GlobalMultiplier.svelte, /src/components/Win.svelte, /src/components/FreeSpinIntro.svelte, /src/components/HeistContinueScreen.svelte, /src/components/BoomExplosion.svelte, /src/components/FreeSpinCounter.svelte, /src/components/FreeSpinOutro.svelte, /src/components/Transition.svelte, /src/components/I18nTest.svelte, /src/components/ui/ControlPanel.svelte, /src/components/PressToContinue.svelte, /src/components/BoardContainer.svelte, /src/components/BoardMask.svelte, /src/components/BoardBase.svelte, /src/components/Anticipation.svelte, /src/components/ClusterWinAmount.svelte, /src/components/TumbleBoardBase.svelte, /src/components/TumbleWinAmountWrap.svelte, /src/components/WinCoins.svelte, /src/components/WinAnimation.svelte, /src/components/FreeSpinAnimation.svelte, /src/components/Symbol.svelte
CSF Parsing error: Expected 'ObjectExpression' but found 'undefined' instead in 'Identifier'.
8:42:14 PM [vite] (client) hmr update /src/components/Background.svelte
8:42:25 PM [vite] (client) hmr update /src/components/Game.svelte, /@id/__x00__virtual:/@storybook/builder-vite/vite-app.js, /src/components/EnableSound.svelte, /src/components/EnableGameActor.svelte, /src/components/ResumeBet.svelte, /src/components/Sound.svelte, /src/components/Background.svelte, /src/components/LoadingScreen.svelte, /src/components/BoardFrame.svelte, /src/components/MultiplierGrid.svelte, /src/components/Board.svelte, /src/components/Anticipations.svelte, /src/components/ClusterWinAmounts.svelte, /src/components/TumbleBoard.svelte, /src/components/TumbleWinAmount.svelte, /src/components/GlobalMultiplier.svelte, /src/components/Win.svelte, /src/components/FreeSpinIntro.svelte, /src/components/HeistContinueScreen.svelte, /src/components/BoomExplosion.svelte, /src/components/FreeSpinCounter.svelte, /src/components/FreeSpinOutro.svelte, /src/components/Transition.svelte, /src/components/I18nTest.svelte, /src/components/ui/ControlPanel.svelte, /src/components/PressToContinue.svelte, /src/components/BoardContainer.svelte, /src/components/BoardMask.svelte, /src/components/BoardBase.svelte, /src/components/Anticipation.svelte, /src/components/ClusterWinAmount.svelte, /src/components/TumbleBoardBase.svelte, /src/components/TumbleWinAmountWrap.svelte, /src/components/WinCoins.svelte, /src/components/WinAnimation.svelte, /src/components/FreeSpinAnimation.svelte, /src/components/Symbol.svelte
8:42:29 PM [vite] (client) hmr update /src/components/Background.svelte
8:42:32 PM [vite] (client) hmr update /src/components/Game.svelte, /@id/__x00__virtual:/@storybook/builder-vite/vite-app.js, /src/components/EnableSound.svelte, /src/components/EnableGameActor.svelte, /src/components/ResumeBet.svelte, /src/components/Sound.svelte, /src/components/Background.svelte, /src/components/LoadingScreen.svelte, /src/components/BoardFrame.svelte, /src/components/MultiplierGrid.svelte, /src/components/Board.svelte, /src/components/Anticipations.svelte, /src/components/ClusterWinAmounts.svelte, /src/components/TumbleBoard.svelte, /src/components/TumbleWinAmount.svelte, /src/components/GlobalMultiplier.svelte, /src/components/Win.svelte, /src/components/FreeSpinIntro.svelte, /src/components/HeistContinueScreen.svelte, /src/components/BoomExplosion.svelte, /src/components/FreeSpinCounter.svelte, /src/components/FreeSpinOutro.svelte, /src/components/Transition.svelte, /src/components/I18nTest.svelte, /src/components/ui/ControlPanel.svelte, /src/components/PressToContinue.svelte, /src/components/BoardContainer.svelte, /src/components/BoardMask.svelte, /src/components/BoardBase.svelte, /src/components/Anticipation.svelte, /src/components/ClusterWinAmount.svelte, /src/components/TumbleBoardBase.svelte, /src/components/TumbleWinAmountWrap.svelte, /src/components/WinCoins.svelte, /src/components/WinAnimation.svelte, /src/components/FreeSpinAnimation.svelte, /src/components/Symbol.svelte
8:43:03 PM [vite] (client) hmr update /src/components/Game.svelte, /@id/__x00__virtual:/@storybook/builder-vite/vite-app.js, /src/components/EnableSound.svelte, /src/components/EnableGameActor.svelte, /src/components/ResumeBet.svelte, /src/components/Sound.svelte, /src/components/Background.svelte, /src/components/LoadingScreen.svelte, /src/components/BoardFrame.svelte, /src/components/MultiplierGrid.svelte, /src/components/Board.svelte, /src/components/Anticipations.svelte, /src/components/ClusterWinAmounts.svelte, /src/components/TumbleBoard.svelte, /src/components/TumbleWinAmount.svelte, /src/components/GlobalMultiplier.svelte, /src/components/Win.svelte, /src/components/FreeSpinIntro.svelte, /src/components/HeistContinueScreen.svelte, /src/components/BoomExplosion.svelte, /src/components/FreeSpinCounter.svelte, /src/components/FreeSpinOutro.svelte, /src/components/Transition.svelte, /src/components/I18nTest.svelte, /src/components/ui/ControlPanel.svelte, /src/components/PressToContinue.svelte, /src/components/BoardContainer.svelte, /src/components/BoardMask.svelte, /src/components/BoardBase.svelte, /src/components/Anticipation.svelte, /src/components/ClusterWinAmount.svelte, /src/components/TumbleBoardBase.svelte, /src/components/TumbleWinAmountWrap.svelte, /src/components/WinCoins.svelte, /src/components/WinAnimation.svelte, /src/components/FreeSpinAnimation.svelte, /src/components/Symbol.svelte
8:43:06 PM [vite] (client) hmr update /src/components/Background.svelte
8:43:08 PM [vite] (client) hmr update /src/components/Game.svelte, /@id/__x00__virtual:/@storybook/builder-vite/vite-app.js, /src/components/EnableSound.svelte, /src/components/EnableGameActor.svelte, /src/components/ResumeBet.svelte, /src/components/Sound.svelte, /src/components/Background.svelte, /src/components/LoadingScreen.svelte, /src/components/BoardFrame.svelte, /src/components/MultiplierGrid.svelte, /src/components/Board.svelte, /src/components/Anticipations.svelte, /src/components/ClusterWinAmounts.svelte, /src/components/TumbleBoard.svelte, /src/components/TumbleWinAmount.svelte, /src/components/GlobalMultiplier.svelte, /src/components/Win.svelte, /src/components/FreeSpinIntro.svelte, /src/components/HeistContinueScreen.svelte, /src/components/BoomExplosion.svelte, /src/components/FreeSpinCounter.svelte, /src/components/FreeSpinOutro.svelte, /src/components/Transition.svelte, /src/components/I18nTest.svelte, /src/components/ui/ControlPanel.svelte, /src/components/PressToContinue.svelte, /src/components/BoardContainer.svelte, /src/components/BoardMask.svelte, /src/components/BoardBase.svelte, /src/components/Anticipation.svelte, /src/components/ClusterWinAmount.svelte, /src/components/TumbleBoardBase.svelte, /src/components/TumbleWinAmountWrap.svelte, /src/components/WinCoins.svelte, /src/components/WinAnimation.svelte, /src/components/FreeSpinAnimation.svelte, /src/components/Symbol.svelte
8:43:25 PM [vite] (client) hmr update /src/components/Background.svelte
8:43:47 PM [vite] (client) hmr update /src/components/Background.svelte
8:44:22 PM [vite] (client) hmr update /src/components/Game.svelte, /@id/__x00__virtual:/@storybook/builder-vite/vite-app.js, /src/components/EnableSound.svelte, /src/components/EnableGameActor.svelte, /src/components/ResumeBet.svelte, /src/components/Sound.svelte, /src/components/Background.svelte, /src/components/LoadingScreen.svelte, /src/components/BoardFrame.svelte, /src/components/MultiplierGrid.svelte, /src/components/Board.svelte, /src/components/Anticipations.svelte, /src/components/ClusterWinAmounts.svelte, /src/components/TumbleBoard.svelte, /src/components/TumbleWinAmount.svelte, /src/components/GlobalMultiplier.svelte, /src/components/Win.svelte, /src/components/FreeSpinIntro.svelte, /src/components/HeistContinueScreen.svelte, /src/components/BoomExplosion.svelte, /src/components/FreeSpinCounter.svelte, /src/components/FreeSpinOutro.svelte, /src/components/Transition.svelte, /src/components/I18nTest.svelte, /src/components/ui/ControlPanel.svelte, /src/components/PressToContinue.svelte, /src/components/BoardContainer.svelte, /src/components/BoardMask.svelte, /src/components/BoardBase.svelte, /src/components/Anticipation.svelte, /src/components/ClusterWinAmount.svelte, /src/components/TumbleBoardBase.svelte, /src/components/TumbleWinAmountWrap.svelte, /src/components/WinCoins.svelte, /src/components/WinAnimation.svelte, /src/components/FreeSpinAnimation.svelte, /src/components/Symbol.svelte
8:44:25 PM [vite] (client) hmr update /src/components/Background.svelte
8:44:27 PM [vite] (client) hmr update /src/components/Game.svelte, /@id/__x00__virtual:/@storybook/builder-vite/vite-app.js, /src/components/EnableSound.svelte, /src/components/EnableGameActor.svelte, /src/components/ResumeBet.svelte, /src/components/Sound.svelte, /src/components/Background.svelte, /src/components/LoadingScreen.svelte, /src/components/BoardFrame.svelte, /src/components/MultiplierGrid.svelte, /src/components/Board.svelte, /src/components/Anticipations.svelte, /src/components/ClusterWinAmounts.svelte, /src/components/TumbleBoard.svelte, /src/components/TumbleWinAmount.svelte, /src/components/GlobalMultiplier.svelte, /src/components/Win.svelte, /src/components/FreeSpinIntro.svelte, /src/components/HeistContinueScreen.svelte, /src/components/BoomExplosion.svelte, /src/components/FreeSpinCounter.svelte, /src/components/FreeSpinOutro.svelte, /src/components/Transition.svelte, /src/components/I18nTest.svelte, /src/components/ui/ControlPanel.svelte, /src/components/PressToContinue.svelte, /src/components/BoardContainer.svelte, /src/components/BoardMask.svelte, /src/components/BoardBase.svelte, /src/components/Anticipation.svelte, /src/components/ClusterWinAmount.svelte, /src/components/TumbleBoardBase.svelte, /src/components/TumbleWinAmountWrap.svelte, /src/components/WinCoins.svelte, /src/components/WinAnimation.svelte, /src/components/FreeSpinAnimation.svelte, /src/components/Symbol.svelte
CSF Parsing error: Expected 'ObjectExpression' but found 'undefined' instead in 'Identifier'.
8:44:54 PM [vite] (client) hmr update /src/components/Background.svelte
8:45:43 PM [vite] (client) hmr update /src/components/Game.svelte, /@id/__x00__virtual:/@storybook/builder-vite/vite-app.js, /src/components/EnableSound.svelte, /src/components/EnableGameActor.svelte, /src/components/ResumeBet.svelte, /src/components/Sound.svelte, /src/components/Background.svelte, /src/components/LoadingScreen.svelte, /src/components/BoardFrame.svelte, /src/components/MultiplierGrid.svelte, /src/components/Board.svelte, /src/components/Anticipations.svelte, /src/components/ClusterWinAmounts.svelte, /src/components/TumbleBoard.svelte, /src/components/TumbleWinAmount.svelte, /src/components/GlobalMultiplier.svelte, /src/components/Win.svelte, /src/components/FreeSpinIntro.svelte, /src/components/HeistContinueScreen.svelte, /src/components/BoomExplosion.svelte, /src/components/FreeSpinCounter.svelte, /src/components/FreeSpinOutro.svelte, /src/components/Transition.svelte, /src/components/I18nTest.svelte, /src/components/ui/ControlPanel.svelte, /src/components/PressToContinue.svelte, /src/components/BoardContainer.svelte, /src/components/BoardMask.svelte, /src/components/BoardBase.svelte, /src/components/Anticipation.svelte, /src/components/ClusterWinAmount.svelte, /src/components/TumbleBoardBase.svelte, /src/components/TumbleWinAmountWrap.svelte, /src/components/WinCoins.svelte, /src/components/WinAnimation.svelte, /src/components/FreeSpinAnimation.svelte, /src/components/Symbol.svelte
8:45:46 PM [vite] (client) hmr update /src/components/Background.svelte
8:45:48 PM [vite] (client) hmr update /src/components/Game.svelte, /@id/__x00__virtual:/@storybook/builder-vite/vite-app.js, /src/components/EnableSound.svelte, /src/components/EnableGameActor.svelte, /src/components/ResumeBet.svelte, /src/components/Sound.svelte, /src/components/Background.svelte, /src/components/LoadingScreen.svelte, /src/components/BoardFrame.svelte, /src/components/MultiplierGrid.svelte, /src/components/Board.svelte, /src/components/Anticipations.svelte, /src/components/ClusterWinAmounts.svelte, /src/components/TumbleBoard.svelte, /src/components/TumbleWinAmount.svelte, /src/components/GlobalMultiplier.svelte, /src/components/Win.svelte, /src/components/FreeSpinIntro.svelte, /src/components/HeistContinueScreen.svelte, /src/components/BoomExplosion.svelte, /src/components/FreeSpinCounter.svelte, /src/components/FreeSpinOutro.svelte, /src/components/Transition.svelte, /src/components/I18nTest.svelte, /src/components/ui/ControlPanel.svelte, /src/components/PressToContinue.svelte, /src/components/BoardContainer.svelte, /src/components/BoardMask.svelte, /src/components/BoardBase.svelte, /src/components/Anticipation.svelte, /src/components/ClusterWinAmount.svelte, /src/components/TumbleBoardBase.svelte, /src/components/TumbleWinAmountWrap.svelte, /src/components/WinCoins.svelte, /src/components/WinAnimation.svelte, /src/components/FreeSpinAnimation.svelte, /src/components/Symbol.svelte
CSF Parsing error: Expected 'ObjectExpression' but found 'undefined' instead in 'Identifier'.
8:46:24 PM [vite] (client) hmr update /src/components/Background.svelte
CSF Parsing error: Expected 'ObjectExpression' but found 'undefined' instead in 'Identifier'.
8:47:00 PM [vite] (client) hmr update /src/components/Background.svelte
CSF Parsing error: Expected 'ObjectExpression' but found 'undefined' instead in 'Identifier'.
8:47:35 PM [vite] (client) hmr update /src/components/Background.svelte
8:48:05 PM [vite] (client) hmr update /src/components/Background.svelte
8:48:24 PM [vite] (client) hmr update /src/components/Background.svelte
8:49:03 PM [vite] (client) hmr update /src/components/Background.svelte
8:49:11 PM [vite] (client) hmr update /src/components/Game.svelte
8:49:12 PM [vite-plugin-svelte] src/components/Game.svelte:130:1 Unused CSS selector "button"
https://svelte.dev/e/css_unused_selector
8:49:14 PM [vite-plugin-svelte] src/components/Game.svelte:130:1 Unused CSS selector "button"
https://svelte.dev/e/css_unused_selector
CSF Parsing error: Expected 'ObjectExpression' but found 'undefined' instead in 'Identifier'.
8:49:19 PM [vite-plugin-svelte] src/components/Game.svelte:130:1 Unused CSS selector "button"
https://svelte.dev/e/css_unused_selector
8:49:54 PM [vite] (client) hmr update /src/components/Background.svelte
8:50:12 PM [vite] (client) hmr update /src/components/Game.svelte
8:50:12 PM [vite-plugin-svelte] src/components/Game.svelte:128:1 Unused CSS selector "button"
https://svelte.dev/e/css_unused_selector
8:50:16 PM [vite-plugin-svelte] src/components/Game.svelte:128:1 Unused CSS selector "button"
https://svelte.dev/e/css_unused_selector
CSF Parsing error: Expected 'ObjectExpression' but found 'undefined' instead in 'Identifier'.
8:50:20 PM [vite-plugin-svelte] src/components/Game.svelte:128:1 Unused CSS selector "button"
https://svelte.dev/e/css_unused_selector
8:50:53 PM [vite] (client) hmr update /src/components/Game.svelte, /src/components/TumbleBoard.svelte, /src/components/EnableGameActor.svelte, /src/components/ReelSymbol.svelte, /src/components/TumbleSymbol.svelte, /src/components/Symbol.svelte, /src/components/SymbolSpine.svelte, /src/components/SymbolSprite.svelte, /src/components/SymbolSpineMain.svelte, /@id/__x00__virtual:/@storybook/builder-vite/vite-app.js
8:50:56 PM [vite] (client) hmr update /src/components/Game.svelte, /src/components/TumbleBoard.svelte, /src/components/EnableGameActor.svelte, /src/components/ReelSymbol.svelte, /src/components/TumbleSymbol.svelte, /src/components/Symbol.svelte, /src/components/SymbolSpine.svelte, /src/components/SymbolSprite.svelte, /src/components/SymbolSpineMain.svelte, /@id/__x00__virtual:/@storybook/builder-vite/vite-app.js
8:51:45 PM [vite] (client) hmr update /src/components/Game.svelte, /src/components/TumbleBoard.svelte, /src/components/EnableGameActor.svelte, /src/components/ReelSymbol.svelte, /src/components/TumbleSymbol.svelte, /src/components/Symbol.svelte, /src/components/SymbolSpine.svelte, /src/components/SymbolSprite.svelte, /src/components/SymbolSpineMain.svelte, /@id/__x00__virtual:/@storybook/builder-vite/vite-app.js
8:51:53 PM [vite] (client) hmr update /src/components/EnableGameActor.svelte
8:52:00 PM [vite] (client) hmr update /src/components/Game.svelte, /src/components/TumbleBoard.svelte, /src/components/EnableGameActor.svelte, /src/components/ReelSymbol.svelte, /src/components/TumbleSymbol.svelte, /src/components/Symbol.svelte, /src/components/SymbolSpine.svelte, /src/components/SymbolSprite.svelte, /src/components/SymbolSpineMain.svelte, /@id/__x00__virtual:/@storybook/builder-vite/vite-app.js
CSF Parsing error: Expected 'ObjectExpression' but found 'undefined' instead in 'Identifier'.
8:52:45 PM [vite] (client) hmr update /src/components/Game.svelte, /src/components/TumbleBoard.svelte, /src/components/EnableGameActor.svelte, /src/components/ReelSymbol.svelte, /src/components/TumbleSymbol.svelte, /src/components/Symbol.svelte, /src/components/SymbolSpine.svelte, /src/components/SymbolSprite.svelte, /src/components/SymbolSpineMain.svelte, /@id/__x00__virtual:/@storybook/builder-vite/vite-app.js
8:52:50 PM [vite] (client) hmr update /src/components/Game.svelte, /src/components/TumbleBoard.svelte, /src/components/EnableGameActor.svelte, /src/components/ReelSymbol.svelte, /src/components/TumbleSymbol.svelte, /src/components/Symbol.svelte, /src/components/SymbolSpine.svelte, /src/components/SymbolSprite.svelte, /src/components/SymbolSpineMain.svelte, /@id/__x00__virtual:/@storybook/builder-vite/vite-app.js
8:52:54 PM [vite] (client) hmr update /src/components/Game.svelte, /src/components/TumbleBoard.svelte, /src/components/EnableGameActor.svelte, /src/components/ReelSymbol.svelte, /src/components/TumbleSymbol.svelte, /src/components/Symbol.svelte, /src/components/SymbolSpine.svelte, /src/components/SymbolSprite.svelte, /src/components/SymbolSpineMain.svelte, /@id/__x00__virtual:/@storybook/builder-vite/vite-app.js
CSF Parsing error: Expected 'ObjectExpression' but found 'undefined' instead in 'Identifier'.
8:53:22 PM [vite] (client) hmr update /src/components/Game.svelte, /src/components/TumbleBoard.svelte, /src/components/EnableGameActor.svelte, /src/components/ReelSymbol.svelte, /src/components/TumbleSymbol.svelte, /src/components/Symbol.svelte, /src/components/SymbolSpine.svelte, /src/components/SymbolSprite.svelte, /src/components/SymbolSpineMain.svelte, /@id/__x00__virtual:/@storybook/builder-vite/vite-app.js
8:53:36 PM [vite] (client) hmr update /src/components/Game.svelte, /src/components/TumbleBoard.svelte, /src/components/EnableGameActor.svelte, /src/components/ReelSymbol.svelte, /src/components/TumbleSymbol.svelte, /src/components/Symbol.svelte, /src/components/SymbolSpine.svelte, /src/components/SymbolSprite.svelte, /src/components/SymbolSpineMain.svelte, /@id/__x00__virtual:/@storybook/builder-vite/vite-app.js
8:53:40 PM [vite] (client) hmr update /src/components/Game.svelte, /src/components/TumbleBoard.svelte, /src/components/EnableGameActor.svelte, /src/components/ReelSymbol.svelte, /src/components/TumbleSymbol.svelte, /src/components/Symbol.svelte, /src/components/SymbolSpine.svelte, /src/components/SymbolSprite.svelte, /src/components/SymbolSpineMain.svelte, /@id/__x00__virtual:/@storybook/builder-vite/vite-app.js
CSF Parsing error: Expected 'ObjectExpression' but found 'undefined' instead in 'Identifier'.
8:54:08 PM [vite] (client) hmr update /src/components/Game.svelte, /src/components/TumbleBoard.svelte, /src/components/EnableGameActor.svelte, /src/components/ReelSymbol.svelte, /src/components/TumbleSymbol.svelte, /src/components/Symbol.svelte, /src/components/SymbolSpine.svelte, /src/components/SymbolSprite.svelte, /src/components/SymbolSpineMain.svelte, /@id/__x00__virtual:/@storybook/builder-vite/vite-app.js
8:54:13 PM [vite] (client) hmr update /src/components/EnableGameActor.svelte
8:54:21 PM [vite] (client) hmr update /src/components/Game.svelte, /src/components/TumbleBoard.svelte, /src/components/EnableGameActor.svelte, /src/components/ReelSymbol.svelte, /src/components/TumbleSymbol.svelte, /src/components/Symbol.svelte, /src/components/SymbolSpine.svelte, /src/components/SymbolSprite.svelte, /src/components/SymbolSpineMain.svelte, /@id/__x00__virtual:/@storybook/builder-vite/vite-app.js
8:55:01 PM [vite] (client) hmr update /src/components/Game.svelte, /src/components/TumbleBoard.svelte, /src/components/EnableGameActor.svelte, /src/components/ReelSymbol.svelte, /src/components/TumbleSymbol.svelte, /src/components/Symbol.svelte, /src/components/SymbolSpine.svelte, /src/components/SymbolSprite.svelte, /src/components/SymbolSpineMain.svelte, /@id/__x00__virtual:/@storybook/builder-vite/vite-app.js
8:55:07 PM [vite] (client) hmr update /src/components/Game.svelte, /src/components/TumbleBoard.svelte, /src/components/EnableGameActor.svelte, /src/components/ReelSymbol.svelte, /src/components/TumbleSymbol.svelte, /src/components/Symbol.svelte, /src/components/SymbolSpine.svelte, /src/components/SymbolSprite.svelte, /src/components/SymbolSpineMain.svelte, /@id/__x00__virtual:/@storybook/builder-vite/vite-app.js
8:55:11 PM [vite] (client) hmr update /src/components/Game.svelte, /src/components/TumbleBoard.svelte, /src/components/EnableGameActor.svelte, /src/components/ReelSymbol.svelte, /src/components/TumbleSymbol.svelte, /src/components/Symbol.svelte, /src/components/SymbolSpine.svelte, /src/components/SymbolSprite.svelte, /src/components/SymbolSpineMain.svelte, /@id/__x00__virtual:/@storybook/builder-vite/vite-app.js
CSF Parsing error: Expected 'ObjectExpression' but found 'undefined' instead in 'Identifier'.
8:55:46 PM [vite] (client) hmr update /src/components/Game.svelte, /src/components/TumbleBoard.svelte, /src/components/EnableGameActor.svelte, /src/components/ReelSymbol.svelte, /src/components/TumbleSymbol.svelte, /src/components/Symbol.svelte, /src/components/SymbolSpine.svelte, /src/components/SymbolSprite.svelte, /src/components/SymbolSpineMain.svelte, /@id/__x00__virtual:/@storybook/builder-vite/vite-app.js
8:55:50 PM [vite] (client) hmr update /src/components/Game.svelte, /src/components/TumbleBoard.svelte, /src/components/EnableGameActor.svelte, /src/components/ReelSymbol.svelte, /src/components/TumbleSymbol.svelte, /src/components/Symbol.svelte, /src/components/SymbolSpine.svelte, /src/components/SymbolSprite.svelte, /src/components/SymbolSpineMain.svelte, /@id/__x00__virtual:/@storybook/builder-vite/vite-app.js
8:56:46 PM [vite] (client) hmr update /src/components/Game.svelte, /src/components/TumbleBoard.svelte, /src/components/EnableGameActor.svelte, /src/components/ReelSymbol.svelte, /src/components/TumbleSymbol.svelte, /src/components/Symbol.svelte, /src/components/SymbolSpine.svelte, /src/components/SymbolSprite.svelte, /src/components/SymbolSpineMain.svelte, /@id/__x00__virtual:/@storybook/builder-vite/vite-app.js
8:56:50 PM [vite] (client) hmr update /src/components/Game.svelte, /src/components/TumbleBoard.svelte, /src/components/EnableGameActor.svelte, /src/components/ReelSymbol.svelte, /src/components/TumbleSymbol.svelte, /src/components/Symbol.svelte, /src/components/SymbolSpine.svelte, /src/components/SymbolSprite.svelte, /src/components/SymbolSpineMain.svelte, /@id/__x00__virtual:/@storybook/builder-vite/vite-app.js
CSF Parsing error: Expected 'ObjectExpression' but found 'undefined' instead in 'Identifier'.
CSF Parsing error: Expected 'ObjectExpression' but found 'undefined' instead in 'Identifier'.
8:58:14 PM [vite] (client) hmr update /src/components/Game.svelte, /src/components/TumbleBoard.svelte, /src/components/EnableGameActor.svelte, /src/components/ReelSymbol.svelte, /src/components/TumbleSymbol.svelte, /src/components/Symbol.svelte, /src/components/SymbolSpine.svelte, /src/components/SymbolSprite.svelte, /src/components/SymbolSpineMain.svelte, /@id/__x00__virtual:/@storybook/builder-vite/vite-app.js
8:58:17 PM [vite] (client) hmr update /src/components/Game.svelte, /src/components/TumbleBoard.svelte, /src/components/EnableGameActor.svelte, /src/components/ReelSymbol.svelte, /src/components/TumbleSymbol.svelte, /src/components/Symbol.svelte, /src/components/SymbolSpine.svelte, /src/components/SymbolSprite.svelte, /src/components/SymbolSpineMain.svelte, /@id/__x00__virtual:/@storybook/builder-vite/vite-app.js
CSF Parsing error: Expected 'ObjectExpression' but found 'undefined' instead in 'Identifier'.
8:59:15 PM [vite] (client) hmr update /src/components/Game.svelte, /src/components/TumbleBoard.svelte, /src/components/EnableGameActor.svelte, /src/components/ReelSymbol.svelte, /src/components/TumbleSymbol.svelte, /src/components/Symbol.svelte, /src/components/SymbolSpine.svelte, /src/components/SymbolSprite.svelte, /src/components/SymbolSpineMain.svelte, /@id/__x00__virtual:/@storybook/builder-vite/vite-app.js
8:59:19 PM [vite] (client) hmr update /src/components/Game.svelte, /src/components/TumbleBoard.svelte, /src/components/EnableGameActor.svelte, /src/components/ReelSymbol.svelte, /src/components/TumbleSymbol.svelte, /src/components/Symbol.svelte, /src/components/SymbolSpine.svelte, /src/components/SymbolSprite.svelte, /src/components/SymbolSpineMain.svelte, /@id/__x00__virtual:/@storybook/builder-vite/vite-app.js
CSF Parsing error: Expected 'ObjectExpression' but found 'undefined' instead in 'Identifier'.
8:59:46 PM [vite] (client) hmr update /src/components/Game.svelte, /src/components/TumbleBoard.svelte, /src/components/EnableGameActor.svelte, /src/components/ReelSymbol.svelte, /src/components/TumbleSymbol.svelte, /src/components/Symbol.svelte, /src/components/SymbolSpine.svelte, /src/components/SymbolSprite.svelte, /src/components/SymbolSpineMain.svelte, /@id/__x00__virtual:/@storybook/builder-vite/vite-app.js
8:59:49 PM [vite] (client) hmr update /src/components/Game.svelte, /src/components/TumbleBoard.svelte, /src/components/EnableGameActor.svelte, /src/components/ReelSymbol.svelte, /src/components/TumbleSymbol.svelte, /src/components/Symbol.svelte, /src/components/SymbolSpine.svelte, /src/components/SymbolSprite.svelte, /src/components/SymbolSpineMain.svelte, /@id/__x00__virtual:/@storybook/builder-vite/vite-app.js
9:00:20 PM [vite] (client) hmr update /src/components/Game.svelte, /src/components/TumbleBoard.svelte, /src/components/EnableGameActor.svelte, /src/components/ReelSymbol.svelte, /src/components/TumbleSymbol.svelte, /src/components/Symbol.svelte, /src/components/SymbolSpine.svelte, /src/components/SymbolSprite.svelte, /src/components/SymbolSpineMain.svelte, /@id/__x00__virtual:/@storybook/builder-vite/vite-app.js
9:00:24 PM [vite] (client) hmr update /src/components/Game.svelte, /src/components/TumbleBoard.svelte, /src/components/EnableGameActor.svelte, /src/components/ReelSymbol.svelte, /src/components/TumbleSymbol.svelte, /src/components/Symbol.svelte, /src/components/SymbolSpine.svelte, /src/components/SymbolSprite.svelte, /src/components/SymbolSpineMain.svelte, /@id/__x00__virtual:/@storybook/builder-vite/vite-app.js
CSF Parsing error: Expected 'ObjectExpression' but found 'undefined' instead in 'Identifier'.
9:01:07 PM [vite] (client) hmr update /src/components/FreeSpinCounter.svelte
CSF Parsing error: Expected 'ObjectExpression' but found 'undefined' instead in 'Identifier'.
CSF Parsing error: Expected 'ObjectExpression' but found 'undefined' instead in 'Identifier'.
9:02:11 PM [vite] (client) hmr update /src/components/Game.svelte, /src/components/TumbleBoard.svelte, /src/components/EnableGameActor.svelte, /src/components/ReelSymbol.svelte, /src/components/TumbleSymbol.svelte, /src/components/Symbol.svelte, /src/components/SymbolSpine.svelte, /src/components/SymbolSprite.svelte, /src/components/SymbolSpineMain.svelte, /@id/__x00__virtual:/@storybook/builder-vite/vite-app.js
9:02:14 PM [vite] (client) hmr update /src/components/Game.svelte, /src/components/TumbleBoard.svelte, /src/components/EnableGameActor.svelte, /src/components/ReelSymbol.svelte, /src/components/TumbleSymbol.svelte, /src/components/Symbol.svelte, /src/components/SymbolSpine.svelte, /src/components/SymbolSprite.svelte, /src/components/SymbolSpineMain.svelte, /@id/__x00__virtual:/@storybook/builder-vite/vite-app.js
9:02:48 PM [vite] (client) hmr update /src/components/Game.svelte, /src/components/TumbleBoard.svelte, /src/components/EnableGameActor.svelte, /src/components/ReelSymbol.svelte, /src/components/TumbleSymbol.svelte, /src/components/Symbol.svelte, /src/components/SymbolSpine.svelte, /src/components/SymbolSprite.svelte, /src/components/SymbolSpineMain.svelte, /@id/__x00__virtual:/@storybook/builder-vite/vite-app.js
9:02:53 PM [vite] (client) hmr update /src/components/Background.svelte
9:02:57 PM [vite] (client) hmr update /src/components/Game.svelte, /src/components/TumbleBoard.svelte, /src/components/EnableGameActor.svelte, /src/components/ReelSymbol.svelte, /src/components/TumbleSymbol.svelte, /src/components/Symbol.svelte, /src/components/SymbolSpine.svelte, /src/components/SymbolSprite.svelte, /src/components/SymbolSpineMain.svelte, /@id/__x00__virtual:/@storybook/builder-vite/vite-app.js
CSF Parsing error: Expected 'ObjectExpression' but found 'undefined' instead in 'Identifier'.
9:03:41 PM [vite] (client) hmr update /src/components/Game.svelte, /src/components/TumbleBoard.svelte, /src/components/EnableGameActor.svelte, /src/components/ReelSymbol.svelte, /src/components/TumbleSymbol.svelte, /src/components/Symbol.svelte, /src/components/SymbolSpine.svelte, /src/components/SymbolSprite.svelte, /src/components/SymbolSpineMain.svelte, /@id/__x00__virtual:/@storybook/builder-vite/vite-app.js
9:03:46 PM [vite] (client) hmr update /src/components/Game.svelte, /src/components/TumbleBoard.svelte, /src/components/EnableGameActor.svelte, /src/components/ReelSymbol.svelte, /src/components/TumbleSymbol.svelte, /src/components/Symbol.svelte, /src/components/SymbolSpine.svelte, /src/components/SymbolSprite.svelte, /src/components/SymbolSpineMain.svelte, /@id/__x00__virtual:/@storybook/builder-vite/vite-app.js
9:03:54 PM [vite] (client) hmr update /src/components/Background.svelte
9:03:59 PM [vite] (client) hmr update /src/components/Background.svelte
9:04:04 PM [vite] (client) hmr update /src/components/Game.svelte, /src/components/TumbleBoard.svelte, /src/components/EnableGameActor.svelte, /src/components/ReelSymbol.svelte, /src/components/TumbleSymbol.svelte, /src/components/Symbol.svelte, /src/components/SymbolSpine.svelte, /src/components/SymbolSprite.svelte, /src/components/SymbolSpineMain.svelte, /@id/__x00__virtual:/@storybook/builder-vite/vite-app.js
9:04:24 PM [vite] (client) hmr update /src/components/Background.svelte
9:04:33 PM [vite] (client) hmr update /src/components/Game.svelte, /src/components/TumbleBoard.svelte, /src/components/EnableGameActor.svelte, /src/components/ReelSymbol.svelte, /src/components/TumbleSymbol.svelte, /src/components/Symbol.svelte, /src/components/SymbolSpine.svelte, /src/components/SymbolSprite.svelte, /src/components/SymbolSpineMain.svelte, /@id/__x00__virtual:/@storybook/builder-vite/vite-app.js
9:04:38 PM [vite] (client) hmr update /src/components/Game.svelte, /src/components/TumbleBoard.svelte, /src/components/EnableGameActor.svelte, /src/components/ReelSymbol.svelte, /src/components/TumbleSymbol.svelte, /src/components/Symbol.svelte, /src/components/SymbolSpine.svelte, /src/components/SymbolSprite.svelte, /src/components/SymbolSpineMain.svelte, /@id/__x00__virtual:/@storybook/builder-vite/vite-app.js
9:04:41 PM [vite] (client) hmr update /src/components/Game.svelte, /src/components/TumbleBoard.svelte, /src/components/EnableGameActor.svelte, /src/components/ReelSymbol.svelte, /src/components/TumbleSymbol.svelte, /src/components/Symbol.svelte, /src/components/SymbolSpine.svelte, /src/components/SymbolSprite.svelte, /src/components/SymbolSpineMain.svelte, /@id/__x00__virtual:/@storybook/builder-vite/vite-app.js
CSF Parsing error: Expected 'ObjectExpression' but found 'undefined' instead in 'Identifier'.
9:05:27 PM [vite] (client) hmr update /@id/__x00__virtual:/@storybook/builder-vite/vite-app.js, /src/components/Game.svelte, /src/components/EnableSound.svelte, /src/components/EnableGameActor.svelte, /src/components/ResumeBet.svelte, /src/components/Sound.svelte, /src/components/Background.svelte, /src/components/LoadingScreen.svelte, /src/components/BoardFrame.svelte, /src/components/MultiplierGrid.svelte, /src/components/Board.svelte, /src/components/Anticipations.svelte, /src/components/ClusterWinAmounts.svelte, /src/components/TumbleBoard.svelte, /src/components/TumbleWinAmount.svelte, /src/components/GlobalMultiplier.svelte, /src/components/Win.svelte, /src/components/FreeSpinIntro.svelte, /src/components/HeistContinueScreen.svelte, /src/components/BoomExplosion.svelte, /src/components/FreeSpinCounter.svelte, /src/components/FreeSpinOutro.svelte, /src/components/Transition.svelte, /src/components/I18nTest.svelte, /src/components/ui/ControlPanel.svelte, /src/components/PressToContinue.svelte, /src/components/BoardContainer.svelte, /src/components/BoardMask.svelte, /src/components/BoardBase.svelte, /src/components/Anticipation.svelte, /src/components/ClusterWinAmount.svelte, /src/components/TumbleBoardBase.svelte, /src/components/TumbleWinAmountWrap.svelte, /src/components/WinCoins.svelte, /src/components/WinAnimation.svelte, /src/components/FreeSpinAnimation.svelte, /src/components/Symbol.svelte, /src/components/ReelSymbol.svelte, /src/components/TumbleSymbol.svelte, /src/components/SymbolSpine.svelte, /src/components/SymbolSprite.svelte, /src/components/SymbolSpineMain.svelte
9:05:43 PM [vite] (client) hmr update /src/components/Background.svelte
9:05:49 PM [vite] (client) hmr update /src/components/Background.svelte
9:05:56 PM [vite] (client) hmr update /src/components/Game.svelte, /src/components/TumbleBoard.svelte, /src/components/EnableGameActor.svelte, /src/components/ReelSymbol.svelte, /src/components/TumbleSymbol.svelte, /src/components/Symbol.svelte, /src/components/SymbolSpine.svelte, /src/components/SymbolSprite.svelte, /src/components/SymbolSpineMain.svelte, /@id/__x00__virtual:/@storybook/builder-vite/vite-app.js
9:06:00 PM [vite] (client) hmr update /@id/__x00__virtual:/@storybook/builder-vite/vite-app.js, /src/components/Game.svelte, /src/components/EnableSound.svelte, /src/components/EnableGameActor.svelte, /src/components/ResumeBet.svelte, /src/components/Sound.svelte, /src/components/Background.svelte, /src/components/LoadingScreen.svelte, /src/components/BoardFrame.svelte, /src/components/MultiplierGrid.svelte, /src/components/Board.svelte, /src/components/Anticipations.svelte, /src/components/ClusterWinAmounts.svelte, /src/components/TumbleBoard.svelte, /src/components/TumbleWinAmount.svelte, /src/components/GlobalMultiplier.svelte, /src/components/Win.svelte, /src/components/FreeSpinIntro.svelte, /src/components/HeistContinueScreen.svelte, /src/components/BoomExplosion.svelte, /src/components/FreeSpinCounter.svelte, /src/components/FreeSpinOutro.svelte, /src/components/Transition.svelte, /src/components/I18nTest.svelte, /src/components/ui/ControlPanel.svelte, /src/components/PressToContinue.svelte, /src/components/BoardContainer.svelte, /src/components/BoardMask.svelte, /src/components/BoardBase.svelte, /src/components/Anticipation.svelte, /src/components/ClusterWinAmount.svelte, /src/components/TumbleBoardBase.svelte, /src/components/TumbleWinAmountWrap.svelte, /src/components/WinCoins.svelte, /src/components/WinAnimation.svelte, /src/components/FreeSpinAnimation.svelte, /src/components/Symbol.svelte, /src/components/ReelSymbol.svelte, /src/components/TumbleSymbol.svelte, /src/components/SymbolSpine.svelte, /src/components/SymbolSprite.svelte, /src/components/SymbolSpineMain.svelte
9:06:00 PM [vite] (client) hmr update /src/components/Game.svelte, /src/components/TumbleBoard.svelte, /src/components/EnableGameActor.svelte, /src/components/ReelSymbol.svelte, /src/components/TumbleSymbol.svelte, /src/components/Symbol.svelte, /src/components/SymbolSpine.svelte, /src/components/SymbolSprite.svelte, /src/components/SymbolSpineMain.svelte, /@id/__x00__virtual:/@storybook/builder-vite/vite-app.js
9:06:32 PM [vite] (client) hmr update /src/components/Background.svelte
9:06:39 PM [vite] (client) hmr update /src/components/Game.svelte, /src/components/TumbleBoard.svelte, /src/components/EnableGameActor.svelte, /src/components/ReelSymbol.svelte, /src/components/TumbleSymbol.svelte, /src/components/Symbol.svelte, /src/components/SymbolSpine.svelte, /src/components/SymbolSprite.svelte, /src/components/SymbolSpineMain.svelte, /@id/__x00__virtual:/@storybook/builder-vite/vite-app.js
9:06:43 PM [vite] (client) hmr update /src/components/Game.svelte, /src/components/TumbleBoard.svelte, /src/components/EnableGameActor.svelte, /src/components/ReelSymbol.svelte, /src/components/TumbleSymbol.svelte, /src/components/Symbol.svelte, /src/components/SymbolSpine.svelte, /src/components/SymbolSprite.svelte, /src/components/SymbolSpineMain.svelte, /@id/__x00__virtual:/@storybook/builder-vite/vite-app.js
CSF Parsing error: Expected 'ObjectExpression' but found 'undefined' instead in 'Identifier'.
9:07:49 PM [vite] (client) hmr update /src/components/Game.svelte, /src/components/TumbleBoard.svelte, /src/components/EnableGameActor.svelte, /src/components/ReelSymbol.svelte, /src/components/TumbleSymbol.svelte, /src/components/Symbol.svelte, /src/components/SymbolSpine.svelte, /src/components/SymbolSprite.svelte, /src/components/SymbolSpineMain.svelte, /@id/__x00__virtual:/@storybook/builder-vite/vite-app.js
9:07:54 PM [vite] (client) hmr update /src/components/Game.svelte, /src/components/TumbleBoard.svelte, /src/components/EnableGameActor.svelte, /src/components/ReelSymbol.svelte, /src/components/TumbleSymbol.svelte, /src/components/Symbol.svelte, /src/components/SymbolSpine.svelte, /src/components/SymbolSprite.svelte, /src/components/SymbolSpineMain.svelte, /@id/__x00__virtual:/@storybook/builder-vite/vite-app.js
CSF Parsing error: Expected 'ObjectExpression' but found 'undefined' instead in 'Identifier'.
9:09:38 PM [vite] (client) hmr update /src/components/Game.svelte, /src/components/TumbleBoard.svelte, /src/components/EnableGameActor.svelte, /src/components/ReelSymbol.svelte, /src/components/TumbleSymbol.svelte, /src/components/Symbol.svelte, /src/components/SymbolSpine.svelte, /src/components/SymbolSprite.svelte, /src/components/SymbolSpineMain.svelte, /@id/__x00__virtual:/@storybook/builder-vite/vite-app.js
9:09:43 PM [vite] (client) hmr update /src/components/Game.svelte, /src/components/TumbleBoard.svelte, /src/components/EnableGameActor.svelte, /src/components/ReelSymbol.svelte, /src/components/TumbleSymbol.svelte, /src/components/Symbol.svelte, /src/components/SymbolSpine.svelte, /src/components/SymbolSprite.svelte, /src/components/SymbolSpineMain.svelte, /@id/__x00__virtual:/@storybook/builder-vite/vite-app.js
9:09:45 PM [vite] (client) hmr update /src/components/Game.svelte, /src/components/TumbleBoard.svelte, /src/components/EnableGameActor.svelte, /src/components/ReelSymbol.svelte, /src/components/TumbleSymbol.svelte, /src/components/Symbol.svelte, /src/components/SymbolSpine.svelte, /src/components/SymbolSprite.svelte, /src/components/SymbolSpineMain.svelte, /@id/__x00__virtual:/@storybook/builder-vite/vite-app.js
CSF Parsing error: Expected 'ObjectExpression' but found 'undefined' instead in 'Identifier'.
9:10:24 PM [vite] (client) hmr update /src/components/Game.svelte
9:10:24 PM [vite-plugin-svelte] src/components/Game.svelte:135:1 Unused CSS selector "button"
https://svelte.dev/e/css_unused_selector
9:10:29 PM [vite-plugin-svelte] src/components/Game.svelte:135:1 Unused CSS selector "button"
https://svelte.dev/e/css_unused_selector
9:10:35 PM [vite-plugin-svelte] src/components/Game.svelte:135:1 Unused CSS selector "button"
https://svelte.dev/e/css_unused_selector
CSF Parsing error: Expected 'ObjectExpression' but found 'undefined' instead in 'Identifier'.
CSF Parsing error: Expected 'ObjectExpression' but found 'undefined' instead in 'Identifier'.
9:11:27 PM [vite] (client) hmr update /src/components/Game.svelte
9:11:27 PM [vite-plugin-svelte] src/components/Game.svelte:138:1 Unused CSS selector "button"
https://svelte.dev/e/css_unused_selector
9:11:30 PM [vite] (client) hmr update /src/components/Game.svelte
9:11:30 PM [vite-plugin-svelte] src/components/Game.svelte:144:1 Unused CSS selector "button"
https://svelte.dev/e/css_unused_selector
9:11:32 PM [vite-plugin-svelte] src/components/Game.svelte:144:1 Unused CSS selector "button"
https://svelte.dev/e/css_unused_selector
CSF Parsing error: Expected 'ObjectExpression' but found 'undefined' instead in 'Identifier'.
9:13:00 PM [vite-plugin-svelte] src/components/Game.svelte:144:1 Unused CSS selector "button"
https://svelte.dev/e/css_unused_selector
CSF Parsing error: Expected 'ObjectExpression' but found 'undefined' instead in 'Identifier'.
9:13:59 PM [vite] (client) hmr update /src/components/Game.svelte, /src/components/TumbleBoard.svelte, /src/components/EnableGameActor.svelte, /src/components/ReelSymbol.svelte, /src/components/TumbleSymbol.svelte, /src/components/Symbol.svelte, /src/components/SymbolSpine.svelte, /src/components/SymbolSprite.svelte, /src/components/SymbolSpineMain.svelte, /@id/__x00__virtual:/@storybook/builder-vite/vite-app.js
9:14:08 PM [vite] (client) hmr update /src/components/Game.svelte, /src/components/TumbleBoard.svelte, /src/components/EnableGameActor.svelte, /src/components/ReelSymbol.svelte, /src/components/TumbleSymbol.svelte, /src/components/Symbol.svelte, /src/components/SymbolSpine.svelte, /src/components/SymbolSprite.svelte, /src/components/SymbolSpineMain.svelte, /@id/__x00__virtual:/@storybook/builder-vite/vite-app.js
9:14:11 PM [vite] (client) hmr update /src/components/Game.svelte, /src/components/TumbleBoard.svelte, /src/components/EnableGameActor.svelte, /src/components/ReelSymbol.svelte, /src/components/TumbleSymbol.svelte, /src/components/Symbol.svelte, /src/components/SymbolSpine.svelte, /src/components/SymbolSprite.svelte, /src/components/SymbolSpineMain.svelte, /@id/__x00__virtual:/@storybook/builder-vite/vite-app.js
CSF Parsing error: Expected 'ObjectExpression' but found 'undefined' instead in 'Identifier'.
CSF Parsing error: Expected 'ObjectExpression' but found 'undefined' instead in 'Identifier'.
CSF Parsing error: Expected 'ObjectExpression' but found 'undefined' instead in 'Identifier'.
9:24:36 PM [vite] (client) hmr update /src/components/ClusterWinAmounts.svelte
CSF Parsing error: Expected 'ObjectExpression' but found 'undefined' instead in 'Identifier'.
CSF Parsing error: Expected 'ObjectExpression' but found 'undefined' instead in 'Identifier'.
9:27:23 PM [vite] (client) hmr update /src/components/Game.svelte, /@id/__x00__virtual:/@storybook/builder-vite/vite-app.js, /src/components/EnableSound.svelte, /src/components/EnableGameActor.svelte, /src/components/ResumeBet.svelte, /src/components/Sound.svelte, /src/components/Background.svelte, /src/components/LoadingScreen.svelte, /src/components/BoardFrame.svelte, /src/components/MultiplierGrid.svelte, /src/components/Board.svelte, /src/components/Anticipations.svelte, /src/components/ClusterWinAmounts.svelte, /src/components/TumbleBoard.svelte, /src/components/TumbleWinAmount.svelte, /src/components/GlobalMultiplier.svelte, /src/components/Win.svelte, /src/components/FreeSpinIntro.svelte, /src/components/HeistContinueScreen.svelte, /src/components/BoomExplosion.svelte, /src/components/FreeSpinCounter.svelte, /src/components/FreeSpinOutro.svelte, /src/components/Transition.svelte, /src/components/I18nTest.svelte, /src/components/ui/ControlPanel.svelte, /src/components/PressToContinue.svelte, /src/components/BoardContainer.svelte, /src/components/BoardMask.svelte, /src/components/BoardBase.svelte, /src/components/Anticipation.svelte, /src/components/ClusterWinAmount.svelte, /src/components/TumbleBoardBase.svelte, /src/components/TumbleWinAmountWrap.svelte, /src/components/WinCoins.svelte, /src/components/WinAnimation.svelte, /src/components/FreeSpinAnimation.svelte, /src/components/Symbol.svelte
9:27:28 PM [vite] (client) hmr update /src/components/ClusterWinAmounts.svelte
9:27:34 PM [vite] (client) hmr update /src/components/ClusterWinAmounts.svelte
9:27:39 PM [vite] (client) hmr update /src/components/Game.svelte, /@id/__x00__virtual:/@storybook/builder-vite/vite-app.js, /src/components/EnableSound.svelte, /src/components/EnableGameActor.svelte, /src/components/ResumeBet.svelte, /src/components/Sound.svelte, /src/components/Background.svelte, /src/components/LoadingScreen.svelte, /src/components/BoardFrame.svelte, /src/components/MultiplierGrid.svelte, /src/components/Board.svelte, /src/components/Anticipations.svelte, /src/components/ClusterWinAmounts.svelte, /src/components/TumbleBoard.svelte, /src/components/TumbleWinAmount.svelte, /src/components/GlobalMultiplier.svelte, /src/components/Win.svelte, /src/components/FreeSpinIntro.svelte, /src/components/HeistContinueScreen.svelte, /src/components/BoomExplosion.svelte, /src/components/FreeSpinCounter.svelte, /src/components/FreeSpinOutro.svelte, /src/components/Transition.svelte, /src/components/I18nTest.svelte, /src/components/ui/ControlPanel.svelte, /src/components/PressToContinue.svelte, /src/components/BoardContainer.svelte, /src/components/BoardMask.svelte, /src/components/BoardBase.svelte, /src/components/Anticipation.svelte, /src/components/ClusterWinAmount.svelte, /src/components/TumbleBoardBase.svelte, /src/components/TumbleWinAmountWrap.svelte, /src/components/WinCoins.svelte, /src/components/WinAnimation.svelte, /src/components/FreeSpinAnimation.svelte, /src/components/Symbol.svelte
9:28:25 PM [vite] (client) hmr update /src/components/Game.svelte, /@id/__x00__virtual:/@storybook/builder-vite/vite-app.js, /src/components/EnableSound.svelte, /src/components/EnableGameActor.svelte, /src/components/ResumeBet.svelte, /src/components/Sound.svelte, /src/components/Background.svelte, /src/components/LoadingScreen.svelte, /src/components/BoardFrame.svelte, /src/components/MultiplierGrid.svelte, /src/components/Board.svelte, /src/components/Anticipations.svelte, /src/components/ClusterWinAmounts.svelte, /src/components/TumbleBoard.svelte, /src/components/TumbleWinAmount.svelte, /src/components/GlobalMultiplier.svelte, /src/components/Win.svelte, /src/components/FreeSpinIntro.svelte, /src/components/HeistContinueScreen.svelte, /src/components/BoomExplosion.svelte, /src/components/FreeSpinCounter.svelte, /src/components/FreeSpinOutro.svelte, /src/components/Transition.svelte, /src/components/I18nTest.svelte, /src/components/ui/ControlPanel.svelte, /src/components/PressToContinue.svelte, /src/components/BoardContainer.svelte, /src/components/BoardMask.svelte, /src/components/BoardBase.svelte, /src/components/Anticipation.svelte, /src/components/ClusterWinAmount.svelte, /src/components/TumbleBoardBase.svelte, /src/components/TumbleWinAmountWrap.svelte, /src/components/WinCoins.svelte, /src/components/WinAnimation.svelte, /src/components/FreeSpinAnimation.svelte, /src/components/Symbol.svelte
9:28:41 PM [vite] (client) hmr update /src/components/ClusterWinAmounts.svelte
9:28:49 PM [vite] (client) hmr update /src/components/Game.svelte, /@id/__x00__virtual:/@storybook/builder-vite/vite-app.js, /src/components/EnableSound.svelte, /src/components/EnableGameActor.svelte, /src/components/ResumeBet.svelte, /src/components/Sound.svelte, /src/components/Background.svelte, /src/components/LoadingScreen.svelte, /src/components/BoardFrame.svelte, /src/components/MultiplierGrid.svelte, /src/components/Board.svelte, /src/components/Anticipations.svelte, /src/components/ClusterWinAmounts.svelte, /src/components/TumbleBoard.svelte, /src/components/TumbleWinAmount.svelte, /src/components/GlobalMultiplier.svelte, /src/components/Win.svelte, /src/components/FreeSpinIntro.svelte, /src/components/HeistContinueScreen.svelte, /src/components/BoomExplosion.svelte, /src/components/FreeSpinCounter.svelte, /src/components/FreeSpinOutro.svelte, /src/components/Transition.svelte, /src/components/I18nTest.svelte, /src/components/ui/ControlPanel.svelte, /src/components/PressToContinue.svelte, /src/components/BoardContainer.svelte, /src/components/BoardMask.svelte, /src/components/BoardBase.svelte, /src/components/Anticipation.svelte, /src/components/ClusterWinAmount.svelte, /src/components/TumbleBoardBase.svelte, /src/components/TumbleWinAmountWrap.svelte, /src/components/WinCoins.svelte, /src/components/WinAnimation.svelte, /src/components/FreeSpinAnimation.svelte, /src/components/Symbol.svelte
CSF Parsing error: Expected 'ObjectExpression' but found 'undefined' instead in 'Identifier'.
9:29:41 PM [vite] (client) hmr update /src/components/ClusterWinAmounts.svelte
9:29:50 PM [vite] (client) hmr update /src/components/ClusterWinAmounts.svelte
9:29:56 PM [vite] (client) hmr update /src/components/ClusterWinAmounts.svelte
CSF Parsing error: Expected 'ObjectExpression' but found 'undefined' instead in 'Identifier'.
9:31:05 PM [vite] (client) hmr update /src/components/ClusterWinAmounts.svelte
9:31:11 PM [vite] (client) hmr update /src/components/ClusterWinAmounts.svelte
9:31:51 PM [vite] (client) hmr update /src/components/Game.svelte, /@id/__x00__virtual:/@storybook/builder-vite/vite-app.js, /src/components/EnableSound.svelte, /src/components/EnableGameActor.svelte, /src/components/ResumeBet.svelte, /src/components/Sound.svelte, /src/components/Background.svelte, /src/components/LoadingScreen.svelte, /src/components/BoardFrame.svelte, /src/components/MultiplierGrid.svelte, /src/components/Board.svelte, /src/components/Anticipations.svelte, /src/components/ClusterWinAmounts.svelte, /src/components/TumbleBoard.svelte, /src/components/TumbleWinAmount.svelte, /src/components/GlobalMultiplier.svelte, /src/components/Win.svelte, /src/components/FreeSpinIntro.svelte, /src/components/HeistContinueScreen.svelte, /src/components/BoomExplosion.svelte, /src/components/FreeSpinCounter.svelte, /src/components/FreeSpinOutro.svelte, /src/components/Transition.svelte, /src/components/I18nTest.svelte, /src/components/ui/ControlPanel.svelte, /src/components/PressToContinue.svelte, /src/components/BoardContainer.svelte, /src/components/BoardMask.svelte, /src/components/BoardBase.svelte, /src/components/Anticipation.svelte, /src/components/ClusterWinAmount.svelte, /src/components/TumbleBoardBase.svelte, /src/components/TumbleWinAmountWrap.svelte, /src/components/WinCoins.svelte, /src/components/WinAnimation.svelte, /src/components/FreeSpinAnimation.svelte, /src/components/Symbol.svelte
9:32:02 PM [vite] (client) hmr update /src/components/ClusterWinAmounts.svelte
9:32:08 PM [vite] (client) hmr update /src/components/Game.svelte, /@id/__x00__virtual:/@storybook/builder-vite/vite-app.js, /src/components/EnableSound.svelte, /src/components/EnableGameActor.svelte, /src/components/ResumeBet.svelte, /src/components/Sound.svelte, /src/components/Background.svelte, /src/components/LoadingScreen.svelte, /src/components/BoardFrame.svelte, /src/components/MultiplierGrid.svelte, /src/components/Board.svelte, /src/components/Anticipations.svelte, /src/components/ClusterWinAmounts.svelte, /src/components/TumbleBoard.svelte, /src/components/TumbleWinAmount.svelte, /src/components/GlobalMultiplier.svelte, /src/components/Win.svelte, /src/components/FreeSpinIntro.svelte, /src/components/HeistContinueScreen.svelte, /src/components/BoomExplosion.svelte, /src/components/FreeSpinCounter.svelte, /src/components/FreeSpinOutro.svelte, /src/components/Transition.svelte, /src/components/I18nTest.svelte, /src/components/ui/ControlPanel.svelte, /src/components/PressToContinue.svelte, /src/components/BoardContainer.svelte, /src/components/BoardMask.svelte, /src/components/BoardBase.svelte, /src/components/Anticipation.svelte, /src/components/ClusterWinAmount.svelte, /src/components/TumbleBoardBase.svelte, /src/components/TumbleWinAmountWrap.svelte, /src/components/WinCoins.svelte, /src/components/WinAnimation.svelte, /src/components/FreeSpinAnimation.svelte, /src/components/Symbol.svelte
9:32:23 PM [vite] (client) hmr update /src/components/Game.svelte, /@id/__x00__virtual:/@storybook/builder-vite/vite-app.js, /src/components/EnableSound.svelte, /src/components/EnableGameActor.svelte, /src/components/ResumeBet.svelte, /src/components/Sound.svelte, /src/components/Background.svelte, /src/components/LoadingScreen.svelte, /src/components/BoardFrame.svelte, /src/components/MultiplierGrid.svelte, /src/components/Board.svelte, /src/components/Anticipations.svelte, /src/components/ClusterWinAmounts.svelte, /src/components/TumbleBoard.svelte, /src/components/TumbleWinAmount.svelte, /src/components/GlobalMultiplier.svelte, /src/components/Win.svelte, /src/components/FreeSpinIntro.svelte, /src/components/HeistContinueScreen.svelte, /src/components/BoomExplosion.svelte, /src/components/FreeSpinCounter.svelte, /src/components/FreeSpinOutro.svelte, /src/components/Transition.svelte, /src/components/I18nTest.svelte, /src/components/ui/ControlPanel.svelte, /src/components/PressToContinue.svelte, /src/components/BoardContainer.svelte, /src/components/BoardMask.svelte, /src/components/BoardBase.svelte, /src/components/Anticipation.svelte, /src/components/ClusterWinAmount.svelte, /src/components/TumbleBoardBase.svelte, /src/components/TumbleWinAmountWrap.svelte, /src/components/WinCoins.svelte, /src/components/WinAnimation.svelte, /src/components/FreeSpinAnimation.svelte, /src/components/Symbol.svelte
9:32:36 PM [vite] (client) hmr update /src/components/ClusterWinAmounts.svelte
9:32:47 PM [vite] (client) hmr update /src/components/Game.svelte, /@id/__x00__virtual:/@storybook/builder-vite/vite-app.js, /src/components/EnableSound.svelte, /src/components/EnableGameActor.svelte, /src/components/ResumeBet.svelte, /src/components/Sound.svelte, /src/components/Background.svelte, /src/components/LoadingScreen.svelte, /src/components/BoardFrame.svelte, /src/components/MultiplierGrid.svelte, /src/components/Board.svelte, /src/components/Anticipations.svelte, /src/components/ClusterWinAmounts.svelte, /src/components/TumbleBoard.svelte, /src/components/TumbleWinAmount.svelte, /src/components/GlobalMultiplier.svelte, /src/components/Win.svelte, /src/components/FreeSpinIntro.svelte, /src/components/HeistContinueScreen.svelte, /src/components/BoomExplosion.svelte, /src/components/FreeSpinCounter.svelte, /src/components/FreeSpinOutro.svelte, /src/components/Transition.svelte, /src/components/I18nTest.svelte, /src/components/ui/ControlPanel.svelte, /src/components/PressToContinue.svelte, /src/components/BoardContainer.svelte, /src/components/BoardMask.svelte, /src/components/BoardBase.svelte, /src/components/Anticipation.svelte, /src/components/ClusterWinAmount.svelte, /src/components/TumbleBoardBase.svelte, /src/components/TumbleWinAmountWrap.svelte, /src/components/WinCoins.svelte, /src/components/WinAnimation.svelte, /src/components/FreeSpinAnimation.svelte, /src/components/Symbol.svelte
9:33:11 PM [vite] (client) hmr update /src/components/Game.svelte, /@id/__x00__virtual:/@storybook/builder-vite/vite-app.js, /src/components/EnableSound.svelte, /src/components/EnableGameActor.svelte, /src/components/ResumeBet.svelte, /src/components/Sound.svelte, /src/components/Background.svelte, /src/components/LoadingScreen.svelte, /src/components/BoardFrame.svelte, /src/components/MultiplierGrid.svelte, /src/components/Board.svelte, /src/components/Anticipations.svelte, /src/components/ClusterWinAmounts.svelte, /src/components/TumbleBoard.svelte, /src/components/TumbleWinAmount.svelte, /src/components/GlobalMultiplier.svelte, /src/components/Win.svelte, /src/components/FreeSpinIntro.svelte, /src/components/HeistContinueScreen.svelte, /src/components/BoomExplosion.svelte, /src/components/FreeSpinCounter.svelte, /src/components/FreeSpinOutro.svelte, /src/components/Transition.svelte, /src/components/I18nTest.svelte, /src/components/ui/ControlPanel.svelte, /src/components/PressToContinue.svelte, /src/components/BoardContainer.svelte, /src/components/BoardMask.svelte, /src/components/BoardBase.svelte, /src/components/Anticipation.svelte, /src/components/ClusterWinAmount.svelte, /src/components/TumbleBoardBase.svelte, /src/components/TumbleWinAmountWrap.svelte, /src/components/WinCoins.svelte, /src/components/WinAnimation.svelte, /src/components/FreeSpinAnimation.svelte, /src/components/Symbol.svelte
9:33:11 PM [vite] (client) warning: Duplicate key "megawinSpine" in object literal
171|  		preload: true,
172|  	},
173|  	megawinSpine: {
   |   ^
174|  		type: 'spine',
175|  		src: {

  Plugin: vite:esbuild
  File: /home/paul/web-sdk/apps/cluster/src/game/assets.ts
9:33:29 PM [vite] (client) hmr update /src/components/ClusterWinAmounts.svelte
9:33:38 PM [vite] (client) hmr update /src/components/Game.svelte, /@id/__x00__virtual:/@storybook/builder-vite/vite-app.js, /src/components/EnableSound.svelte, /src/components/EnableGameActor.svelte, /src/components/ResumeBet.svelte, /src/components/Sound.svelte, /src/components/Background.svelte, /src/components/LoadingScreen.svelte, /src/components/BoardFrame.svelte, /src/components/MultiplierGrid.svelte, /src/components/Board.svelte, /src/components/Anticipations.svelte, /src/components/ClusterWinAmounts.svelte, /src/components/TumbleBoard.svelte, /src/components/TumbleWinAmount.svelte, /src/components/GlobalMultiplier.svelte, /src/components/Win.svelte, /src/components/FreeSpinIntro.svelte, /src/components/HeistContinueScreen.svelte, /src/components/BoomExplosion.svelte, /src/components/FreeSpinCounter.svelte, /src/components/FreeSpinOutro.svelte, /src/components/Transition.svelte, /src/components/I18nTest.svelte, /src/components/ui/ControlPanel.svelte, /src/components/PressToContinue.svelte, /src/components/BoardContainer.svelte, /src/components/BoardMask.svelte, /src/components/BoardBase.svelte, /src/components/Anticipation.svelte, /src/components/ClusterWinAmount.svelte, /src/components/TumbleBoardBase.svelte, /src/components/TumbleWinAmountWrap.svelte, /src/components/WinCoins.svelte, /src/components/WinAnimation.svelte, /src/components/FreeSpinAnimation.svelte, /src/components/Symbol.svelte
9:33:38 PM [vite] (client) warning: Duplicate key "megawinSpine" in object literal
171|  		preload: true,
172|  	},
173|  	megawinSpine: {
   |   ^
174|  		type: 'spine',
175|  		src: {

  Plugin: vite:esbuild
  File: /home/paul/web-sdk/apps/cluster/src/game/assets.ts
9:34:02 PM [vite] (client) hmr update /src/components/ClusterWinAmounts.svelte
9:34:06 PM [vite] (client) hmr update /src/components/ClusterWinAmounts.svelte
9:34:11 PM [vite] (client) hmr update /src/components/ClusterWinAmounts.svelte
9:34:16 PM [vite] (client) hmr update /src/components/ClusterWinAmounts.svelte
CSF Parsing error: Expected 'ObjectExpression' but found 'undefined' instead in 'Identifier'.
CSF Parsing error: Expected 'ObjectExpression' but found 'undefined' instead in 'Identifier'.
9:37:45 PM [vite] (client) hmr update /src/components/ClusterWinAmounts.svelte
9:38:22 PM [vite] (client) hmr update /src/components/ClusterWinAmounts.svelte
CSF Parsing error: Expected 'ObjectExpression' but found 'undefined' instead in 'Identifier'.
9:38:52 PM [vite] (client) hmr update /src/components/ClusterWinAmounts.svelte
CSF Parsing error: Expected 'ObjectExpression' but found 'undefined' instead in 'Identifier'.
9:39:47 PM [vite] (client) hmr update /src/components/Game.svelte, /src/components/TumbleBoard.svelte, /src/components/EnableGameActor.svelte, /src/components/ReelSymbol.svelte, /src/components/TumbleSymbol.svelte, /src/components/Symbol.svelte, /src/components/SymbolSpine.svelte, /src/components/SymbolSprite.svelte, /src/components/SymbolSpineMain.svelte, /@id/__x00__virtual:/@storybook/builder-vite/vite-app.js
9:39:51 PM [vite] (client) hmr update /src/components/ClusterWinAmounts.svelte
9:39:53 PM [vite] (client) hmr update /src/components/Game.svelte, /src/components/TumbleBoard.svelte, /src/components/EnableGameActor.svelte, /src/components/ReelSymbol.svelte, /src/components/TumbleSymbol.svelte, /src/components/Symbol.svelte, /src/components/SymbolSpine.svelte, /src/components/SymbolSprite.svelte, /src/components/SymbolSpineMain.svelte, /@id/__x00__virtual:/@storybook/builder-vite/vite-app.js
CSF Parsing error: Expected 'ObjectExpression' but found 'undefined' instead in 'Identifier'.
9:40:40 PM [vite] (client) hmr update /src/components/ClusterWinAmounts.svelte
CSF Parsing error: Expected 'ObjectExpression' but found 'undefined' instead in 'Identifier'.
9:42:26 PM [vite] (client) hmr update /src/components/Game.svelte, /@id/__x00__virtual:/@storybook/builder-vite/vite-app.js, /src/components/EnableSound.svelte, /src/components/EnableGameActor.svelte, /src/components/ResumeBet.svelte, /src/components/Sound.svelte, /src/components/Background.svelte, /src/components/LoadingScreen.svelte, /src/components/BoardFrame.svelte, /src/components/MultiplierGrid.svelte, /src/components/Board.svelte, /src/components/Anticipations.svelte, /src/components/ClusterWinAmounts.svelte, /src/components/TumbleBoard.svelte, /src/components/TumbleWinAmount.svelte, /src/components/GlobalMultiplier.svelte, /src/components/Win.svelte, /src/components/FreeSpinIntro.svelte, /src/components/HeistContinueScreen.svelte, /src/components/BoomExplosion.svelte, /src/components/FreeSpinCounter.svelte, /src/components/FreeSpinOutro.svelte, /src/components/Transition.svelte, /src/components/I18nTest.svelte, /src/components/ui/ControlPanel.svelte, /src/components/PressToContinue.svelte, /src/components/BoardContainer.svelte, /src/components/BoardMask.svelte, /src/components/BoardBase.svelte, /src/components/Anticipation.svelte, /src/components/ClusterWinAmount.svelte, /src/components/TumbleBoardBase.svelte, /src/components/TumbleWinAmountWrap.svelte, /src/components/WinCoins.svelte, /src/components/WinAnimation.svelte, /src/components/FreeSpinAnimation.svelte, /src/components/Symbol.svelte
9:42:26 PM [vite] (client) warning: Duplicate key "megawinSpine" in object literal
171|  		preload: true,
172|  	},
173|  	megawinSpine: {
   |   ^
174|  		type: 'spine',
175|  		src: {

  Plugin: vite:esbuild
  File: /home/paul/web-sdk/apps/cluster/src/game/assets.ts
9:42:34 PM [vite] (client) hmr update /src/components/Game.svelte, /src/components/TumbleBoard.svelte, /src/components/EnableGameActor.svelte, /src/components/ReelSymbol.svelte, /src/components/TumbleSymbol.svelte, /src/components/Symbol.svelte, /src/components/SymbolSpine.svelte, /src/components/SymbolSprite.svelte, /src/components/SymbolSpineMain.svelte, /@id/__x00__virtual:/@storybook/builder-vite/vite-app.js
9:42:38 PM [vite] (client) hmr update /src/components/ClusterWinAmounts.svelte
9:42:47 PM [vite] (client) hmr update /src/components/ClusterWinAmounts.svelte
9:42:51 PM [vite] (client) hmr update /src/components/ClusterWinAmounts.svelte
9:42:55 PM [vite] (client) hmr update /src/components/Game.svelte, /@id/__x00__virtual:/@storybook/builder-vite/vite-app.js, /src/components/EnableSound.svelte, /src/components/EnableGameActor.svelte, /src/components/ResumeBet.svelte, /src/components/Sound.svelte, /src/components/Background.svelte, /src/components/LoadingScreen.svelte, /src/components/BoardFrame.svelte, /src/components/MultiplierGrid.svelte, /src/components/Board.svelte, /src/components/Anticipations.svelte, /src/components/ClusterWinAmounts.svelte, /src/components/TumbleBoard.svelte, /src/components/TumbleWinAmount.svelte, /src/components/GlobalMultiplier.svelte, /src/components/Win.svelte, /src/components/FreeSpinIntro.svelte, /src/components/HeistContinueScreen.svelte, /src/components/BoomExplosion.svelte, /src/components/FreeSpinCounter.svelte, /src/components/FreeSpinOutro.svelte, /src/components/Transition.svelte, /src/components/I18nTest.svelte, /src/components/ui/ControlPanel.svelte, /src/components/PressToContinue.svelte, /src/components/BoardContainer.svelte, /src/components/BoardMask.svelte, /src/components/BoardBase.svelte, /src/components/Anticipation.svelte, /src/components/ClusterWinAmount.svelte, /src/components/TumbleBoardBase.svelte, /src/components/TumbleWinAmountWrap.svelte, /src/components/WinCoins.svelte, /src/components/WinAnimation.svelte, /src/components/FreeSpinAnimation.svelte, /src/components/Symbol.svelte
9:42:55 PM [vite] (client) hmr update /src/components/Game.svelte, /src/components/TumbleBoard.svelte, /src/components/EnableGameActor.svelte, /src/components/ReelSymbol.svelte, /src/components/TumbleSymbol.svelte, /src/components/Symbol.svelte, /src/components/SymbolSpine.svelte, /src/components/SymbolSprite.svelte, /src/components/SymbolSpineMain.svelte, /@id/__x00__virtual:/@storybook/builder-vite/vite-app.js
9:42:55 PM [vite] (client) warning: Duplicate key "megawinSpine" in object literal
171|  		preload: true,
172|  	},
173|  	megawinSpine: {
   |   ^
174|  		type: 'spine',
175|  		src: {

  Plugin: vite:esbuild
  File: /home/paul/web-sdk/apps/cluster/src/game/assets.ts
9:43:41 PM [vite] (client) hmr update /@id/__x00__virtual:/@storybook/builder-vite/vite-app.js, /src/components/Game.svelte, /src/components/EnableSound.svelte, /src/components/EnableGameActor.svelte, /src/components/ResumeBet.svelte, /src/components/Sound.svelte, /src/components/Background.svelte, /src/components/LoadingScreen.svelte, /src/components/BoardFrame.svelte, /src/components/MultiplierGrid.svelte, /src/components/Board.svelte, /src/components/Anticipations.svelte, /src/components/ClusterWinAmounts.svelte, /src/components/TumbleBoard.svelte, /src/components/TumbleWinAmount.svelte, /src/components/GlobalMultiplier.svelte, /src/components/Win.svelte, /src/components/FreeSpinIntro.svelte, /src/components/HeistContinueScreen.svelte, /src/components/BoomExplosion.svelte, /src/components/FreeSpinCounter.svelte, /src/components/FreeSpinOutro.svelte, /src/components/Transition.svelte, /src/components/I18nTest.svelte, /src/components/ui/ControlPanel.svelte, /src/components/PressToContinue.svelte, /src/components/BoardContainer.svelte, /src/components/BoardMask.svelte, /src/components/BoardBase.svelte, /src/components/Anticipation.svelte, /src/components/ClusterWinAmount.svelte, /src/components/TumbleBoardBase.svelte, /src/components/TumbleWinAmountWrap.svelte, /src/components/WinCoins.svelte, /src/components/WinAnimation.svelte, /src/components/FreeSpinAnimation.svelte, /src/components/Symbol.svelte, /src/components/ReelSymbol.svelte, /src/components/TumbleSymbol.svelte, /src/components/SymbolSpine.svelte, /src/components/SymbolSprite.svelte, /src/components/SymbolSpineMain.svelte
9:43:47 PM [vite] (client) hmr update /src/components/ClusterWinAmounts.svelte
9:43:55 PM [vite] (client) hmr update /@id/__x00__virtual:/@storybook/builder-vite/vite-app.js, /src/components/Game.svelte, /src/components/EnableSound.svelte, /src/components/EnableGameActor.svelte, /src/components/ResumeBet.svelte, /src/components/Sound.svelte, /src/components/Background.svelte, /src/components/LoadingScreen.svelte, /src/components/BoardFrame.svelte, /src/components/MultiplierGrid.svelte, /src/components/Board.svelte, /src/components/Anticipations.svelte, /src/components/ClusterWinAmounts.svelte, /src/components/TumbleBoard.svelte, /src/components/TumbleWinAmount.svelte, /src/components/GlobalMultiplier.svelte, /src/components/Win.svelte, /src/components/FreeSpinIntro.svelte, /src/components/HeistContinueScreen.svelte, /src/components/BoomExplosion.svelte, /src/components/FreeSpinCounter.svelte, /src/components/FreeSpinOutro.svelte, /src/components/Transition.svelte, /src/components/I18nTest.svelte, /src/components/ui/ControlPanel.svelte, /src/components/PressToContinue.svelte, /src/components/BoardContainer.svelte, /src/components/BoardMask.svelte, /src/components/BoardBase.svelte, /src/components/Anticipation.svelte, /src/components/ClusterWinAmount.svelte, /src/components/TumbleBoardBase.svelte, /src/components/TumbleWinAmountWrap.svelte, /src/components/WinCoins.svelte, /src/components/WinAnimation.svelte, /src/components/FreeSpinAnimation.svelte, /src/components/Symbol.svelte, /src/components/ReelSymbol.svelte, /src/components/TumbleSymbol.svelte, /src/components/SymbolSpine.svelte, /src/components/SymbolSprite.svelte, /src/components/SymbolSpineMain.svelte
9:44:41 PM [vite] (client) hmr update /src/components/Game.svelte, /@id/__x00__virtual:/@storybook/builder-vite/vite-app.js, /src/components/EnableSound.svelte, /src/components/EnableGameActor.svelte, /src/components/ResumeBet.svelte, /src/components/Sound.svelte, /src/components/Background.svelte, /src/components/LoadingScreen.svelte, /src/components/BoardFrame.svelte, /src/components/MultiplierGrid.svelte, /src/components/Board.svelte, /src/components/Anticipations.svelte, /src/components/ClusterWinAmounts.svelte, /src/components/TumbleBoard.svelte, /src/components/TumbleWinAmount.svelte, /src/components/GlobalMultiplier.svelte, /src/components/Win.svelte, /src/components/FreeSpinIntro.svelte, /src/components/HeistContinueScreen.svelte, /src/components/BoomExplosion.svelte, /src/components/FreeSpinCounter.svelte, /src/components/FreeSpinOutro.svelte, /src/components/Transition.svelte, /src/components/I18nTest.svelte, /src/components/ui/ControlPanel.svelte, /src/components/PressToContinue.svelte, /src/components/BoardContainer.svelte, /src/components/BoardMask.svelte, /src/components/BoardBase.svelte, /src/components/Anticipation.svelte, /src/components/ClusterWinAmount.svelte, /src/components/TumbleBoardBase.svelte, /src/components/TumbleWinAmountWrap.svelte, /src/components/WinCoins.svelte, /src/components/WinAnimation.svelte, /src/components/FreeSpinAnimation.svelte, /src/components/Symbol.svelte
9:44:41 PM [vite] (client) warning: Duplicate key "megawinSpine" in object literal
171|  		preload: true,
172|  	},
173|  	megawinSpine: {
   |   ^
174|  		type: 'spine',
175|  		src: {

  Plugin: vite:esbuild
  File: /home/paul/web-sdk/apps/cluster/src/game/assets.ts
9:44:46 PM [vite] (client) hmr update /src/components/ClusterWinAmounts.svelte
9:44:50 PM [vite] (client) hmr update /src/components/ClusterWinAmounts.svelte
9:44:58 PM [vite] (client) hmr update /src/components/ClusterWinAmounts.svelte
9:45:02 PM [vite] (client) hmr update /src/components/Game.svelte, /@id/__x00__virtual:/@storybook/builder-vite/vite-app.js, /src/components/EnableSound.svelte, /src/components/EnableGameActor.svelte, /src/components/ResumeBet.svelte, /src/components/Sound.svelte, /src/components/Background.svelte, /src/components/LoadingScreen.svelte, /src/components/BoardFrame.svelte, /src/components/MultiplierGrid.svelte, /src/components/Board.svelte, /src/components/Anticipations.svelte, /src/components/ClusterWinAmounts.svelte, /src/components/TumbleBoard.svelte, /src/components/TumbleWinAmount.svelte, /src/components/GlobalMultiplier.svelte, /src/components/Win.svelte, /src/components/FreeSpinIntro.svelte, /src/components/HeistContinueScreen.svelte, /src/components/BoomExplosion.svelte, /src/components/FreeSpinCounter.svelte, /src/components/FreeSpinOutro.svelte, /src/components/Transition.svelte, /src/components/I18nTest.svelte, /src/components/ui/ControlPanel.svelte, /src/components/PressToContinue.svelte, /src/components/BoardContainer.svelte, /src/components/BoardMask.svelte, /src/components/BoardBase.svelte, /src/components/Anticipation.svelte, /src/components/ClusterWinAmount.svelte, /src/components/TumbleBoardBase.svelte, /src/components/TumbleWinAmountWrap.svelte, /src/components/WinCoins.svelte, /src/components/WinAnimation.svelte, /src/components/FreeSpinAnimation.svelte, /src/components/Symbol.svelte
9:45:02 PM [vite] (client) warning: Duplicate key "megawinSpine" in object literal
171|  		preload: true,
172|  	},
173|  	megawinSpine: {
   |   ^
174|  		type: 'spine',
175|  		src: {

  Plugin: vite:esbuild
  File: /home/paul/web-sdk/apps/cluster/src/game/assets.ts
CSF Parsing error: Expected 'ObjectExpression' but found 'undefined' instead in 'Identifier'.
9:45:29 PM [vite] (client) hmr update /src/components/ClusterWinAmounts.svelte
9:45:37 PM [vite] (client) hmr update /src/components/ClusterWinAmounts.svelte
CSF Parsing error: Expected 'ObjectExpression' but found 'undefined' instead in 'Identifier'.
CSF Parsing error: Expected 'ObjectExpression' but found 'undefined' instead in 'Identifier'.
CSF Parsing error: Expected 'ObjectExpression' but found 'undefined' instead in 'Identifier'.
10:03:31 PM [vite] (client) hmr update /src/components/Game.svelte, /@id/__x00__virtual:/@storybook/builder-vite/vite-app.js, /src/components/EnableSound.svelte, /src/components/EnableGameActor.svelte, /src/components/ResumeBet.svelte, /src/components/Sound.svelte, /src/components/Background.svelte, /src/components/LoadingScreen.svelte, /src/components/BoardFrame.svelte, /src/components/MultiplierGrid.svelte, /src/components/Board.svelte, /src/components/Anticipations.svelte, /src/components/ClusterWinAmounts.svelte, /src/components/TumbleBoard.svelte, /src/components/TumbleWinAmount.svelte, /src/components/GlobalMultiplier.svelte, /src/components/Win.svelte, /src/components/FreeSpinIntro.svelte, /src/components/HeistContinueScreen.svelte, /src/components/BoomExplosion.svelte, /src/components/FreeSpinCounter.svelte, /src/components/FreeSpinOutro.svelte, /src/components/Transition.svelte, /src/components/I18nTest.svelte, /src/components/ui/ControlPanel.svelte, /src/components/PressToContinue.svelte, /src/components/BoardContainer.svelte, /src/components/BoardMask.svelte, /src/components/BoardBase.svelte, /src/components/Anticipation.svelte, /src/components/ClusterWinAmount.svelte, /src/components/TumbleBoardBase.svelte, /src/components/TumbleWinAmountWrap.svelte, /src/components/WinCoins.svelte, /src/components/WinAnimation.svelte, /src/components/FreeSpinAnimation.svelte, /src/components/Symbol.svelte
10:03:31 PM [vite] (client) warning: Duplicate key "megawinSpine" in object literal
171|  		preload: true,
172|  	},
173|  	megawinSpine: {
   |   ^
174|  		type: 'spine',
175|  		src: {

  Plugin: vite:esbuild
  File: /home/paul/web-sdk/apps/cluster/src/game/assets.ts
10:03:43 PM [vite] (client) hmr update /src/components/ClusterWinAmounts.svelte
10:03:51 PM [vite] (client) hmr update /src/components/Game.svelte, /@id/__x00__virtual:/@storybook/builder-vite/vite-app.js, /src/components/EnableSound.svelte, /src/components/EnableGameActor.svelte, /src/components/ResumeBet.svelte, /src/components/Sound.svelte, /src/components/Background.svelte, /src/components/LoadingScreen.svelte, /src/components/BoardFrame.svelte, /src/components/MultiplierGrid.svelte, /src/components/Board.svelte, /src/components/Anticipations.svelte, /src/components/ClusterWinAmounts.svelte, /src/components/TumbleBoard.svelte, /src/components/TumbleWinAmount.svelte, /src/components/GlobalMultiplier.svelte, /src/components/Win.svelte, /src/components/FreeSpinIntro.svelte, /src/components/HeistContinueScreen.svelte, /src/components/BoomExplosion.svelte, /src/components/FreeSpinCounter.svelte, /src/components/FreeSpinOutro.svelte, /src/components/Transition.svelte, /src/components/I18nTest.svelte, /src/components/ui/ControlPanel.svelte, /src/components/PressToContinue.svelte, /src/components/BoardContainer.svelte, /src/components/BoardMask.svelte, /src/components/BoardBase.svelte, /src/components/Anticipation.svelte, /src/components/ClusterWinAmount.svelte, /src/components/TumbleBoardBase.svelte, /src/components/TumbleWinAmountWrap.svelte, /src/components/WinCoins.svelte, /src/components/WinAnimation.svelte, /src/components/FreeSpinAnimation.svelte, /src/components/Symbol.svelte
10:03:51 PM [vite] (client) warning: Duplicate key "megawinSpine" in object literal
171|  		preload: true,
172|  	},
173|  	megawinSpine: {
   |   ^
174|  		type: 'spine',
175|  		src: {

  Plugin: vite:esbuild
  File: /home/paul/web-sdk/apps/cluster/src/game/assets.ts
10:04:15 PM [vite] (client) hmr update /src/components/ClusterWinAmounts.svelte
10:04:25 PM [vite] (client) hmr update /src/components/Game.svelte, /@id/__x00__virtual:/@storybook/builder-vite/vite-app.js, /src/components/EnableSound.svelte, /src/components/EnableGameActor.svelte, /src/components/ResumeBet.svelte, /src/components/Sound.svelte, /src/components/Background.svelte, /src/components/LoadingScreen.svelte, /src/components/BoardFrame.svelte, /src/components/MultiplierGrid.svelte, /src/components/Board.svelte, /src/components/Anticipations.svelte, /src/components/ClusterWinAmounts.svelte, /src/components/TumbleBoard.svelte, /src/components/TumbleWinAmount.svelte, /src/components/GlobalMultiplier.svelte, /src/components/Win.svelte, /src/components/FreeSpinIntro.svelte, /src/components/HeistContinueScreen.svelte, /src/components/BoomExplosion.svelte, /src/components/FreeSpinCounter.svelte, /src/components/FreeSpinOutro.svelte, /src/components/Transition.svelte, /src/components/I18nTest.svelte, /src/components/ui/ControlPanel.svelte, /src/components/PressToContinue.svelte, /src/components/BoardContainer.svelte, /src/components/BoardMask.svelte, /src/components/BoardBase.svelte, /src/components/Anticipation.svelte, /src/components/ClusterWinAmount.svelte, /src/components/TumbleBoardBase.svelte, /src/components/TumbleWinAmountWrap.svelte, /src/components/WinCoins.svelte, /src/components/WinAnimation.svelte, /src/components/FreeSpinAnimation.svelte, /src/components/Symbol.svelte
10:04:25 PM [vite] (client) warning: Duplicate key "megawinSpine" in object literal
171|  		preload: true,
172|  	},
173|  	megawinSpine: {
   |   ^
174|  		type: 'spine',
175|  		src: {

  Plugin: vite:esbuild
  File: /home/paul/web-sdk/apps/cluster/src/game/assets.ts
10:04:30 PM [vite] (client) hmr update /src/components/ClusterWinAmounts.svelte
10:04:33 PM [vite] (client) hmr update /src/components/Game.svelte, /@id/__x00__virtual:/@storybook/builder-vite/vite-app.js, /src/components/EnableSound.svelte, /src/components/EnableGameActor.svelte, /src/components/ResumeBet.svelte, /src/components/Sound.svelte, /src/components/Background.svelte, /src/components/LoadingScreen.svelte, /src/components/BoardFrame.svelte, /src/components/MultiplierGrid.svelte, /src/components/Board.svelte, /src/components/Anticipations.svelte, /src/components/ClusterWinAmounts.svelte, /src/components/TumbleBoard.svelte, /src/components/TumbleWinAmount.svelte, /src/components/GlobalMultiplier.svelte, /src/components/Win.svelte, /src/components/FreeSpinIntro.svelte, /src/components/HeistContinueScreen.svelte, /src/components/BoomExplosion.svelte, /src/components/FreeSpinCounter.svelte, /src/components/FreeSpinOutro.svelte, /src/components/Transition.svelte, /src/components/I18nTest.svelte, /src/components/ui/ControlPanel.svelte, /src/components/PressToContinue.svelte, /src/components/BoardContainer.svelte, /src/components/BoardMask.svelte, /src/components/BoardBase.svelte, /src/components/Anticipation.svelte, /src/components/ClusterWinAmount.svelte, /src/components/TumbleBoardBase.svelte, /src/components/TumbleWinAmountWrap.svelte, /src/components/WinCoins.svelte, /src/components/WinAnimation.svelte, /src/components/FreeSpinAnimation.svelte, /src/components/Symbol.svelte
10:04:33 PM [vite] (client) warning: Duplicate key "megawinSpine" in object literal
171|  		preload: true,
172|  	},
173|  	megawinSpine: {
   |   ^
174|  		type: 'spine',
175|  		src: {

  Plugin: vite:esbuild
  File: /home/paul/web-sdk/apps/cluster/src/game/assets.ts
10:05:05 PM [vite] (client) hmr update /src/components/ClusterWinAmounts.svelte
CSF Parsing error: Expected 'ObjectExpression' but found 'undefined' instead in 'Identifier'.
